	index	seq	start	end	strand	name	taxid	doi	Accession
1	1	AAAGCCAUGGGACAAAGCCGCACCCAACUGCGCCACGACAUCCUCAAUGCGCAUC	498401	498455	+	54	1773	10.1371/journal.pone.0051950	NC_000962.2
2	2	GUCUGGGUCGGUGCACUGCGGCGGCAAGAAGGAGCUCCACUCCAGCGGCUCGACCGCACAAGAAAAUGCCAUGGAGCAGUUCGUCUAUGCCUACGUGCGAUCGUGCCCGGGCUACACGUUGGACUACAACGCCAACGGGUCCGGUGCCGGGGUGACCCAGUUUCUCAACAACGAAACCGAUUUCGCCGGCUCGGAUGUCCCGUUGAAUCCGUCGACCGGUCAACCUGACCGGUCGGCGGAGCGGUGCGGUUCCCCGGCAUGGGACCUGCCGACGGUGUUCGGCCCGAUCGCGAU	1040645	1040938	+	135	1773	10.1371/journal.pone.0051950	NC_000962.2
3	3	UGGGUGCAGUCAUGCCCAACACUUCCUACGCCGUUGUAGUCCGAUACAGCA	1200555	1200605	+	149	1773	10.1371/journal.pone.0051950	NC_000962.2
4	4	GGACCCCUCUCGUCAACAUCGGGUAUCUCGAUGGAUGGGCGUCAGCGUCCUGCCCGGAAGUUGUCGCCACGCGUCC	1287126	1287201	+	161	1773	10.1371/journal.pone.0051950	NC_000962.2
5	5	GGUGGCUGUCCUAGCGGCAAGGCAGUACGUAUGCAGAUGCUGCGAUUGCUGGAC	1453007	1453060	+	189	1773	10.1371/journal.pone.0051950	NC_000962.2
6	6	GUUCUGGUGGGGGGUGUGGACGCACGGCUAGCGCCGUGAACGGAUGUGGUUGCGAGUUUG	1476825	1476884	+	193	1773	10.1371/journal.pone.0051950	NC_000962.2
7	7	CGACACGUACGGUUGUCCGCACGAUAAAGCGCGUCACAGGAGUACAGAGAUGCCG	1735693	1735747	+	224	1773	10.1371/journal.pone.0051950	NC_000962.2
8	8	CAGUAAGCGUGUCGGCCGGGUAGGAGAGGCCAAAGGCCUUACCCUGGCUGGGUUUGCGACCUCAACACAGCCCAGCAGGAAAGGCCUUUGUG	2268166	2268257	+	294	1773	10.1371/journal.pone.0051950	NC_000962.2
9	9	AGACCAUCAAUUGUUGCGACGUUGACUAGAACCCACCUUGCCGCGCUCUGGUCAGUAUUCAGUUGCCGCCGACAGGAAGAGGGUAUGUGAUGCAGUGACCACCUCGGCAGACCCCACCAGCGUUCGGAGGGUGAGGAUCAGCGGGUAAGGCGGCAUUCGUAACAGGUCGCCGGUGAAGUUGGAGGCGCGUGUAUGUUCGGCGAUGCUGGCCCAUUCCCGCUCAGUAGGAUGAUCCAUUCCCCGGGGGCCCCUUCCCCAAUCCUCUAGUCGUUCAGCUCA	3557057	3557335	+	488	1773	10.1371/journal.pone.0051950	NC_000962.2
10	10	CGGGAGCGUCUUCGGCUAGAGAUCCGCCGGACCACCAUCAUCCGUGGAGGGCCCUAGCGCAGUGCGUUAGGAAUUGGGCCGCUUGCCGUGGUUGGCCUUGCUGUACUUGCGGUCACGCUUCUUACGGCCACGCUUGGCCAUCGGAACCUCCGUCAUUGCUCAGGUGCGGGCAGGCAGCGGCCGCCCGGUCAUUGCCCAGUUUCUCAUGCGGCGUCGCGCGCGACCCCAAUAGCCCGCGUGCCGCGCUCCCCAGGGUUCUUAUGGUUCGAUAUACCUGAGUUUGAUGGAAGUCCGAUGACC	3597808	3598107	+	498	1773	10.1371/journal.pone.0051950	NC_000962.2
11	11	GGAGUAACGAAAGGGGCUCAAAUCAGAUGAUUUUCAAGGUCGGAGACACCGUUGUCUAUCCACACCACGGUGCUGCGUUAGUCGAGGCGAUCGAAACCCGGACCAUCAAAGGGGAACAAAAAGAGUAUCU	4025441	4025570	+	540	1773	10.1371/journal.pone.0051950	NC_000962.2
12	12	GGAGGGGUUACUGCAGCAACCACACCCCCGGGUGUCCUCCGAUCGGGGGAAGGGGCUUUCGUCAUCGUUUCAGGCCGAUCGGAGGACGCCGGCACAGGUCAACGAUCCUAACUUGAGUUAGUGACCACAGCGGCGGCCAUCGCCCGCGAGGACCGGUUGCGUUACACCGGUCCGGAGCGCUGCUCGGGGGACGGACAAGUUCGAGCGGCCGGGGAUCGCUAUUCGACGGUGAUCUGGCUGCUGGGCGGCAACUUGCUGGUGCGCUCGGCCGGAUUCGGCUAUCC	937956	938239	-	1080	1773	10.1371/journal.pone.0051950	NC_000962.2
13	13	CGAGCCGUCACCGUUGUGCAUCGAAAGAGGUCUGAUC	1041129	1041165	-	1096	1773	10.1371/journal.pone.0051950	NC_000962.2
14	14	AGGGCGGUGACCGCGGCAUUGUUUUCAGUUUGUGACAACUUCUCAAUAUGCCGCGGUCGCCGC	1275611	1275673	-	1137	1773	10.1371/journal.pone.0051950	NC_000962.2
15	15	AAGACGGCGACGACAUCUGCCCAGCGGUUGCCGUCU	1306038	1306073	-	1149	1773	10.1371/journal.pone.0051950	NC_000962.2
16	16	GUCCCUGUCCGAAGACACGAACCUGGCGUUGG	2429342	2429373	-	1359	1773	10.1371/journal.pone.0051950	NC_000962.2
17	17	GGUGGACAAGAAAAAACCCUCGCCAGCUCAGCUGCUGCACGAGGGUCGCGUUGGUGCUCGCUUGGGCUAGUCAGGCACCAACGCGCCGACCAAUUACUACGAGCAUCCCGGGCUUUCCGGCCUUGUCCAUA	3363023	3363153	-	1502	1773	10.1371/journal.pone.0051950	NC_000962.2
18	18	GACAUACGUGACAACUCGUUUCUCUUUCCACGUCACACGCGCCCUGCGUGCCUGGCCUUCGGGGAGACGCGCCGACGGGGUGGGAGCGGUUGGAGAAGUUACCGCCGCAGGCUGCCCGCCGGAGCAAGAUGUCGAUUGCUCACCUCCUAUCGCGGGAUACUGAUUCAACCUGGGAAGCGCGAGCGUGAGUCGUUAAAGGUUG	3621265	3621466	-	1542	1773	10.1371/journal.pone.0051950	NC_000962.2
19	19	AAAGUCGGCGCGUUGUUCCUCGGUUGGUUGGCGCUGAGCUGGGAGGAUGGCCUCAAUGCCCUUGUUGCGGAAGGGAUUGAGGCCAUC	3800005	3800091	-	1556	1773	10.1371/journal.pone.0051950	NC_000962.2
20	20	CGAUUGGAGCCCUCCACUAUUUGGAUCAGAGCCCGGGACGCUCGCCCGGACCGGAGUUGGCGGUCGGUCCGGGGCGUGCCCCGGAACCGUCCGAAUUACCAGGUGAUUCGGCAUUCGUCCGCGCCCUCGCGCCGUCGUCGCGGGUGCCGACGCAGGGGUUAGCCGAUUGCC	3837288	3837458	-	1565	1773	10.1371/journal.pone.0051950	NC_000962.2
21	21	UAUGCAGCUUGUUUGCGCGCCGUUUGCAUCAACUCUGGGACGAAACUUACCACAAAAUCUUACCGAACCAUGACAAACGCCUGAUUUUUAAGCAGUCUCCGGGCCUUGAUUGUGUCGUGUCAGCUU	1336439	1336564	+	Hsnc028	757424	10.1186/s12864-019-6402-x	NC_014323.1
22	22	AAAAAAAACGCCAGCGUGUUCAAACGCUAGCGUCGGAAUCGCGUUCCUGAAAAACCUCGGUGUUUUUCAAAGGAAAAGCCGCCUGACCCGACAAGAUGGGGUUAAGCGGCGAUAACAGAGAAGAUUGAUUCGGUCUCUGACUGUUCAUUAAUGUGGCGUAGGCCUUUUCCGUUUCAGCAGUCGGGCAUC	417221	417409	+	Hsnc042	757424	10.1186/s12864-019-6402-x	NC_014323.1
23	23	UUUCGGCACAAAAGCUUUGCGCCGGGACGGCAUCAUCAAGGGAUGCCAGGGGCGGGGGGCUUUUACUGGGAACUUGUCGUUAUGACAGGUAAGGCUUGCGAAGCUGCUUGGGCGGAUACGGCUGGAAACUCUGCAGGACAGAUUUCACGUCCGAUUCGCCUGCGCAUUGGUUAUUGCAAUGC	3928375	3928556	+	Hsnc073	757424	10.1186/s12864-019-6402-x	NC_014323.1
24	24	GUGUUAGUUAAACGCAACCUGCCGCGAAUCGCAUAUGUGAUAAAUCAUUGAUAGAUCCGCCUGCGCCAUGAACGAUGGAAGUACGGUGGUUCGCGUGAUGUGUGAUCUCGCGUUGCGUGAGAUAACAAAAGAUGGGCAGAUGCCCAUUUUUUUUUUU	4136551	4136707	+	Hsnc082	757424	10.1186/s12864-019-6402-x	NC_014323.1
25	28	AUUUAGCACGGGAAGAGCGGCCCGGAGAUGUACCGCUUGGGGUGUGGCAGGAGCCACAAAAAGUAAAACCCCCUGA	338	413	+	NDM-sR1	543	10.3389/fmicb.2018.00532	NA
26	29	GUUUGCGCCCCCUGAUUUCAUCUCUGACCGGCCAAAGUGAGAGGAUGAAUCAGGGGGUUUUACU	399	462	-	NDM-sR2	543	10.3389/fmicb.2018.00532	NA
27	30	GUCAAUUGUUUAGGUGUUCCCGCCUCCAUCCGGGGCAAAACAUAAAAACCCGAUCUCACCAGUCGGGUUUUUUUGU	29017	29092	-	NDM-sR3	543	10.3389/fmicb.2018.00532	NA
28	31	GAUUAACAAAUUAAUUUUCCGUUUACUCCGACAGAAAGUUAAGUAGUAAAAACGUCUAGUAAUUAAAAGGAGCCCUUCCUCACCAGUUGGGCUCCUUUUGU	46677	46777	-	NDM-sR4	543	10.3389/fmicb.2018.00532	NA
29	32	AUCGAAAGGCAAUCCGGUCUUUCGACGGUAGCGCCCCGACCGGCGCAGGAGUCAC	54935	54989	+	NDM-sR5a	543	10.3389/fmicb.2018.00532	NA
30	33	AUCGAGAGGCAAUGAGGCUUUUCGCGGUAGCGCCCCGACUGGCGCAGGAGUAACA	58418	58472	+	NDM-sR5b	543	10.3389/fmicb.2018.00532	NA
31	34	AUCGAAAGGCAAUGAGGCUUUUCGCGGUAGCGCCCCGACUGGCGCAGGAGUAA	59721	59773	+	NDM-sR5c	543	10.3389/fmicb.2018.00532	NA
32	35	AUCGAAAGGCAAUCCGGUCUUUCGACGGUAGCGCCCCGACUGGCGCAGGAGUACA	61983	62037	+	NDM-sR5d	543	10.3389/fmicb.2018.00532	NA
33	36	AUUCUCGAUUGCUUUGCUAUCGAAGGAAAGCCGGAUGCGGUUGAAACUAUAGCAAAUGCUUACGUGAAGCUCGGUCGCCAUCGAGAAGGUGUCGUGGGCUUUGCUCAGUGCUACCUGUUCGACGCGCAGGACAUCGUGACGUUCGGCGUCACCUAUCUUGAGAAGCAUUUCGGAACCACUCCGAUCGUGCCUCCGCACGAGGCCGUCGAGCGCUCUUGCGAGCCUUCAGGUUAGAGGCCGUCGACAAUGAUAAUCUGGAUCAACGGACCUUUCGGCGCCGGAAAGACGACGCUCGCUAAGCGGCUGCGCGAUCGGCGUUCC	8343	8663	-	NDM-sR6	543	10.3389/fmicb.2018.00532	NA
34	37	AGGCAUACAAAAGAAAACUUAUGCGAUUAACAAAAAUGCUCUGAAAUGACAAGUAAUCAUUUCAGAGCACGCAAAAAGCACAAAUAUACUUUUAUCUUCUUUCAUCCAGACUAUACUGUCGGCUUUGGAAUUUCACCAAAUCAUGC	171483	171628	-	R1	170187	10.1371/journal.ppat.1002788	AE005672
35	38	AAUUAUAAAGGGACUAUCCCUUUACAUCUCUGCCUUGUUUAACAACAAGCUGCACUGUAAGGUGUGCGCACCGAAUUUUCAUUGUUUCAAAUUCAUUUUCAAAAUCAGCCCACUUUCACUACUUCCAACCACCUAUUCACAAUCACCACAGGCUCCCUGAAGAUCAAAAAUAGUUACU	1731557	1731734	-	R6	170187	10.1371/journal.ppat.1002788	AE005672
36	39	CCUUUCUCGAGCUUAGCUGACUUCAACCCACUACAGUUGACAAAGAGCCUAAUUUCCAUAAAAAUUGACAU	1791010	1791080	-	R7	170187	10.1371/journal.ppat.1002788	AE005672
37	40	UCACUGCGAUGUUAAGAAGCUUAUUAAGUUCUUUCUGCUAGCAACAUCUUCAAAUACAUUAUAUCCGUUUUUU	1892645	1892717	-	R8	170187	10.1371/journal.ppat.1002788	AE005672
38	41	AACAAAAAGGAGGAAACUAAGCCCUCCUAAAGUUAUAGUAAAAUGAAAUAAGAACAGGAUAAAUCGAUCAGGACAGUCAAAUCGAUUUCUA	1903548	1903638	-	R9	170187	10.1371/journal.ppat.1002788	AE005672
39	42	CCAUUUUCUGUCUCUCCUUUUCAAAAAUAAGUCUUGAGAGCAACUCC	1987487	1987533	-	R10	170187	10.1371/journal.ppat.1002788	AE005672
40	43	CUUAUUCAAGUUUACAUAUUAUACUCAAUGAA	2002164	2002195	-	R11	170187	10.1371/journal.ppat.1002788	AE005672
41	44	AGAGACAUUGAUGAAGAGAUGUUCAUCUCGGUACACCUUUAUACUCUUCGAAAAUCUCUUCAAACCGCGUCAACGUCGCCUUGCCGUAGGUAUGGUUACUGACUUCGUCAGUUCUAUCUGCAACCUCAAAACAGUGUUUUGAGCUGACUUCGUCAGUUCUAUCCACAACCUCAAAACAGUGUUUUGAGCUGACUUCGUCAGUUCUAUCCACAACCUCAAAACAGUGUUUUGAGCUGACUUCGUCAGUUCUAUCCACAACCUCAAAACAGUGUUUUGAGCAGCCUGCGGCUAGUUUCCUAGUUUGCUCUUUGAUUUUCAUUGAGUAUUACUAGCUUUUUUCGUAUUAGUCCAGCCUUUUUGUUUGCUUUUAGUAGUAGGCAUGGAGCUGUAGAUAGAACUC	1731041	1731440	-	R12	170187	10.1371/journal.ppat.1002788	AE005672
42	45	AUAUACAUAUCCGUAAAACGAUAAAUUCCCUUUUUGAUUUUAAAUGAGUAUGAAAAGAGAAUUUUUUGGCUCUUUGUCAA	1034021	1034100	-	R14	170187	10.1371/journal.ppat.1002788	AE005672
43	46	UUAAACAAGGAGACUUGAAAUUUAUAGCCAAGCGAGCCCUACUGCACACAGUAUAGACUUCACCCUUCUACUUUAUCGCGCUCCUUGCCUGCCUCACGGGACAGGUUUAAAGGAAUAUUUAGUU	1214248	1214371	-	R15	170187	10.1371/journal.ppat.1002788	AE005672
44	47	GCAGCUUGAAAACUACGGUCUAAUUUUUUGUCCAAAUGUAAACCACUUGGAACUAUUAUUCAAUUUAUUCUUUUUAGCAAAUGUUCCCGUUUUAAUCCCAGUUACAGUUUUUAAUCCUCUGUAACCGUUGAU	1364575	1364706	-	R18	170187	10.1371/journal.ppat.1002788	AE005672
45	48	CGUCAGAAACGCGGUUCCACCCUAAUUUAUUACUUCAUUGUUUUUGAAAAUACUACAGAAAGCGCCAGCCCUUUAUUUUGCCCUACUUGGCUCCCACUAUCCCAAGCUCGCUUGAAGAACGC	1390953	1391074	-	R19	170187	10.1371/journal.ppat.1002788	AE005672
46	49	UUGGGCCAUCCUAACCAGACAGCCACGAGAACAAGGGCUGUGCCA	1455141	1455185	-	R20	170187	10.1371/journal.ppat.1002788	AE005672
47	50	GGAAAGCAUACUUUUCAGCAUAAAAUUCGGAAUGACGACACUAUCACAGGUUUCUGCCAGCUA	1461116	1461178	-	R21	170187	10.1371/journal.ppat.1002788	AE005672
48	51	AGAAAUCAAAAAAGCACUAAGGGAGAACGUCCCAAAGUGCUUAAUAUCAAGGCCUAUCUUAUUCAAUAAAAU	91593	91664	+	F1	170187	10.1371/journal.ppat.1002788	AE005672
49	52	UCUUUUCAACGACAAGAAAGAGGCUGAUAAUCUACCAACCUCUGUUUUUAGAUACAGUUCAAGUCCAAACUAUUCUUUAUAGAAAAGUCCGAUAAAUUCGAGCAAU	117143	117248	+	F3	170187	10.1371/journal.ppat.1002788	AE005672
50	53	AAAAAAGAGAGUACGAAUUUCGUACUCUCCAGAUUGCAGCUUUUCGCCUACCCACUA	130439	130495	+	F6	170187	10.1371/journal.ppat.1002788	AE005672
51	54	AAAAUAAAAGCCACCCAUACAGGCGACUUUUGAAGGAGAUUAUUAUGAAAAAGUUUAGGAGUUCAUUAAAUAAAGAUAUUAGAUGAAAAUCAAAUUCAAACUAAUU	209812	209917	+	F7	170187	10.1371/journal.ppat.1002788	AE005672
52	55	GCAAAAAAGCCACCUGAUUGGGUGGCUUCAUUAGGAGAUUGUGAUGAAAAAAGU	228667	228720	+	F8	170187	10.1371/journal.ppat.1002788	AE005672
53	56	ACAGAACGCACCAUUUUUGAUGCGUUUUUCAUUAUUCUGAAUGCAAUGUUCUAUCUG	284261	284317	+	F10	170187	10.1371/journal.ppat.1002788	AE005672
54	57	AGAAAAACACCCCAUGAUAUGAAACAUGAAGUGUUGUAAAGUCUAUGUUGUAGGUGCUUAUUUCACAAUUUCAAUGUGACCAGUGAUAACGAAUA	286614	286708	+	F11	170187	10.1371/journal.ppat.1002788	AE005672
55	58	AUAUUUAUAUAUUUUUGUCUCUUCUUAGUAUUUGCCUAUAUAAUUCCAAUUGAUCAUAAGAAAUACAACUACUGUCCAAAUCAUACCAAUUAUGAACGGUAUUACAAAUUUAUAUGUUUG	499570	499689	+	F14	170187	10.1371/journal.ppat.1002788	AE005672
56	59	UGAAUUUAGAAUAGCACACCAUAGUUUCUAAAGCAUUGUUAGAGAUUACUUUAAAAUCCUCUUAUCAAUUUGUUCAUAUUCUAUUUCAAUCUAUUAUAUAUAUCCCAUCAACU	501732	501844	+	F15	170187	10.1371/journal.ppat.1002788	AE005672
57	60	AAAAAAGAAAGGACGAAAUUUGUCCUUUCUCGAACUUAGCUUUUCUUCAACCCACU	538437	538492	+	F18	170187	10.1371/journal.ppat.1002788	AE005672
58	61	UAAAAUAAAAGGAACCUACUUAAAAACAUCAAGAAACUUCUUCUGAUGUGAUUAAAUAGGUUCCUGCUCACUUGUAUUAGUGAUAACAUCCUUUUAUUU	543052	543150	+	F19	170187	10.1371/journal.ppat.1002788	AE005672
59	62	CGUAGAUAAAAAGAAAACCACAUGCCAAAAACUCCACUCGGAGCGUUGACACGCGGUACCAUCCGUUUUCAUCUGACAAGUCAGACCUUCAUUUCUAAAUCCAUGCGCAAGUGAAUUCACCCAGCUUUCAUAUAGAGAGCUUGCAGUCACGGCUCUCCUCCCUGAUAUACUUCCCUUGGGCUACUAGUCUUUCAGAUUCCUAUUCAAUU	547541	547749	+	F20	170187	10.1371/journal.ppat.1002788	AE005672
60	63	AUAAAACUCUCCUACCCAGUCCACACCAAGUAGGAGAAAUGCAAAAUUUUAAAGUUCUUCAAAGGCUAACAUGCCACCCUGGACAUUGAUAACAUUAUAACCUUGUUCUAAUAGGAAUUGGCAAGCACGCGCCGAUCUCA	592573	592712	+	F22	170187	10.1371/journal.ppat.1002788	AE005672
61	64	CUGAAUAUCAAAAAAGAAAGGACAAAAUUUGUCCUUUCUCGAGCUUAGCUGACUUCAACCCACUACAGUUGACAAAGAGCCGAAAUUGUCUCAUCACCUCUAUUAGCCUUUAAAUUUUGAUAGACUCUAUUUU	610528	610660	+	F24	170187	10.1371/journal.ppat.1002788	AE005672
62	65	AUCCAAAAAGGCAACGGAUUUGCCGUUGCUUUUUUGGAUGGUUACGAUAGUCUUGGUAAAAUAGAAUUGCCCAAUAAACCAUUUAGAAAGGCUAUCCCAUGC	623244	623345	+	F25	170187	10.1371/journal.ppat.1002788	AE005672
63	66	CCACGAAAAAAGGAACCUGCCAACAGCAAGGUUCCACGAAAAAUGGGUAGUCUCCACCCUUUCACCGUCUAACCUUAGCUGCCUCUCUGGACUGCUUUAAAGGUUU	668007	668112	+	F26	170187	10.1371/journal.ppat.1002788	AE005672
64	67	GAGCCGGUGGGAGUCGAACCCACGUCCAAACACCUGCCAACAUAUUUGUCUACAACCAUAGGUUAUGUAUUAUUUUAACAGCCCCUCGACACAUAACUCAAGUCUAGAAACUGCGAGUCUAUCAAUCUCUUAUCAAACCGCUAGACAAGGCUUAAUCGUAUCUCGCUAAUAAUAAGACCUGUCAUUGAACACGAGCAAUCCAAAUCGGGUCACGCCUGCUGGUUUUUAGGCAGCUAGAGCGUAAGAAGUGUUAUUUUUUGCAGUUAUAUUUAACUGAGCGUUUACGUCGCCACACGAGUCGCAAAAUAUGCCUCAUAAUGCCUGUCGAAUCCGUAACGACCCCAAAAG	821924	822271	+	F32	170187	10.1371/journal.ppat.1002788	AE005672
65	68	GCGGACUUGUAAAUAUACAAGCCCGCACGUUAUGAUAGCGUUUCUUCGAAACUUUUCAUCCGUAGGGCCAGGCAACUUAAUGUCACAAGGCGAGA	907218	907312	+	F34	170187	10.1371/journal.ppat.1002788	AE005672
66	69	AAAGAAAAGACCUUGCUAGUGCAAGGCCUCAGUUAAAAUCGUACAACACAAGAGAGCACACUCAAAAAGUCUCCUCUAGAAAAUUGCACCAUUCUUUUAUCUGACACCUUGUGAGUCUCUCUGGACUCCCCUUAAAGGUUG	909029	909169	+	F35	170187	10.1371/journal.ppat.1002788	AE005672
67	70	UUAGUUUUAGAAGUUACCAAAAUCUGACUACAUCUUGUAAUCAGAUUUUAUCG	941435	941487	+	F36	170187	10.1371/journal.ppat.1002788	AE005672
68	71	GGAAAAUAAAAAUCCCAGUCGCUAGACUAGGGACUAAGAGGCAUCUUCAUGUGAUGAGCAGGUUCACACAACUCAUCAAGGUCCGCUCCUGCGUUAUGACCUCCUCAUGCUCAAUAGUAGUCCGAAGACUACCUAUCGACUCAUCGC	956782	956928	+	F38	170187	10.1371/journal.ppat.1002788	AE005672
69	72	AAAAAAGACGAUAGAGUUUUUAAUUUCUAUCGUCUGAGAUUUACAUAUUAAAUUUUCAUCACAAAAUAAGACUCUUUAAAGAAUCUUUAAAUUCAUUAGGUGUGCUGCUU	972498	972607	+	F39	170187	10.1371/journal.ppat.1002788	AE005672
70	73	AUAAAAAGCACUAAGGGAAAGCGCCCCAAAGUGCUUAUUUCAAAGGCUUUA	1063101	1063151	+	F40	170187	10.1371/journal.ppat.1002788	AE005672
71	74	AAUAAAAAGCACCUAGUUUCCUAGAUGCUAGCACAAUGACACGGAUUCGCACCGUGGCUACCUCUAUCAAGGUGUACUCCUUCUAUACUAUCCCUUGUGCUUU	1071112	1071214	+	F41	170187	10.1371/journal.ppat.1002788	AE005672
72	75	AAGAGCACACAAAAAGAGACAAAAACAAGAUCUACUAAAUAAAGGUUCUUUAUUUGAUAGACUUAGUUGUUCAUGUCUCCCUUACCUCCGAGUAUUAGU	1216148	1216246	+	F43	170187	10.1371/journal.ppat.1002788	AE005672
73	76	UACAGCAAUAGGCCCUCAGAGUAAGACUUCUUUAAAAUUUAGAUUUUAAAGAGUUUUAAAUAUUUCUGCGUCUUCGUCACCUCACGGGAUGACAU	1220366	1220460	+	F44	170187	10.1371/journal.ppat.1002788	AE005672
74	77	ACAAUAAAACGCAUAAUAUCAAGGUUUUUGCACCUUACAUUAUGCGUUUUUGUGAUUUUAAGACUUGUUAGC	1408204	1408275	+	F45	170187	10.1371/journal.ppat.1002788	AE005672
75	78	CUCAAAAGAGAGGGACACCUCUGAUCGGCUCUAACGUGGCCACCGUUUUAUGUUUUCAUAAAAAACUCAAGAGUAGUAUCAGUUU	1530016	1530100	+	F47	170187	10.1371/journal.ppat.1002788	AE005672
76	79	GAUAAAAACGCAUCCUAUCAGGUUUGAGUGAACUUGAUAGGAUGCGUUUUAGAAUGUCAAAAUUUUAUACUCUUCGAAAAUCUCUUCAAACCGCGUCAGCUUUCAUCUGCAACCUCAAAACAGUGUUUUGAGCAA	1778293	1778427	+	F48	170187	10.1371/journal.ppat.1002788	AE005672
77	80	AUCUUGAGGAACAGGGCUUUUUCGUAUGAUACUCUUCGAAAAUCUCUUCAAACCACGUCAGCUUCAUCUUGCCGUAGUAUGGUUACUGACUUCGUCA	1696066	1696162	+	F55	170187	10.1371/journal.ppat.1002788	AE005672
78	81	CUAUUUUGUAAUUCAUCGUCAACUUAUUUACUUUCCAUUUCUUCAUUCAAACGCUUUAUAAACUUAUUCAGCUUCAACGCCACUUUUCAUACCUAUCA	158993	159090	+	F56	170187	10.1371/journal.ppat.1002788	AE005672
79	82	ACCCUAUCAAUAAUGUGGCUUUUCAACCACGCUUCGGCAUUCAACCCUGCCUGUCCGUAGGCAUUUUUUACUCGGGUUUAUA	869510	869591	+	F59	170187	10.1371/journal.ppat.1002788	AE005672
80	83	CUAUAACUGUUAUGACACGAAACCAACAAGCAAGUUCAAGCACCUCCAUAUCUUUAUU	972327	972384	+	F61	170187	10.1371/journal.ppat.1002788	AE005672
81	84	AUAAAAAAUGAAUUAAUCAGAAACCUCUGACUAAGAUUUCCUAAUUAAUUCACUUUCUAUAU	995726	995787	+	F62	170187	10.1371/journal.ppat.1002788	AE005672
82	85	AUUAGAACACCAAAGCCCCUAACUAUGGCCGUAGUUAAGGGCUUUUUUGACGUAUCUUAGCGAUUUAACGGGUGUUUAUAGGCUAGUCAGUCGGUCUACUCCUUACUAUCUAGCCAUCUGCAGACGAAAUACAAGAUAAUUCCAGCUAUAACAUCCGCUAUAAUAGUAAGAGCGAGCUCUAUGAUAAGGCUCAUUAGUUUCACCUCCUCUCACGAACCCAUAGGAACGUAAUCGGUAAC	2086087	2086325	+	F66	170187	10.1371/journal.ppat.1002788	AE005672
83	86	AGUCAUUCGGUCUACUUCUUACCAUCUAGCCAUUUGCAGACGAAAUACAAGAUAAUUCCAGCUAUAACAUCUGCUAUAAUAGUAAGAGCAAGCUCUGGUAUAAGGCUCAUUAGUUUCAC	2086466	2086584	+	F67	170187	10.1371/journal.ppat.1002788	AE005672
84	99	GGCCCCAACACAGAGAAUUUCGAAAAGAAAUUCUACAGGCAAUGCGAGUUGGGGCGGGGCCCCAACAAAGAGAAAUUGGAUUCCCAAUUUCUACAGACAAUGCAAGUUGGGGUGGGACGGCGAAAUAAAUUUUGCGAAAAUAUCAUUUCUGUCCCACUCCCCAGAAAAGGUUCUACCAUUGUCAAAAAAAUGCAUCUCUACA	170013	170214	-	tsr8	367830	10.1128/mBio.01990-15	CP000255.1
85	100	AAAAGCAGUAAACCUAAAGUGUCGUAAGGGUUUACUGCUUUUAUAAAACGUUGUUAUAACGUAUAUUGUCUUUUACGGGCAUAUAAAAGGGGAAUAUUUGAAAAUGACCAAUCCAACAAGAACGAAACGUUGUGGGGGGGAUGUUCUAUAUGGUAUUGAUAAUCAUUUUCAACUACUAUUA	1442862	1443042	+	tsr25	367830	10.1128/mBio.01990-15	CP000255.1
86	101	UGGAGGCUUUAAAACAAAAAAAGCACUUAUCAAAAGAUAAGUGUUAAAAAAAUAACUGGGAUGUGAUUUUUAUUAAAAAUUUCGUAAAGGAUUUUAGAAAAUCGUUUAUGAAAAUAAUAAGC	1641611	1641732	+	tsr26	367830	10.1128/mBio.01990-15	CP000255.1
87	102	AAAAAAACGCUCCCUCUCACAAAUUCUGUAAGGGGAGCGUAUAAAUUUUAUACACGUGUCCUAUUUAAAGGA	2244964	2245035	-	tsr31	367830	10.1128/mBio.01990-15	CP000255.1
88	103	UGGCUAGUCUUUAACUUUAAUUAAAGCAUCUUCAAUAUUUAAAUUUUAAGUUAAUUUUAUGUCCCAAUGCUGAAUAAAUAACUUC	2410564	2410648	-	tsr33	367830	10.1128/mBio.01990-15	CP000255.1
89	104	AUUAAAAUACUCCAUUAAUUUACUCAAACCGUCUACCAUAGUAUUUCACGCGAUUUUCGCGCGAUUACUACGAUGAUUUCAAACGAUUCCUCUGAUUAUUUCACGCGAUUUUCGCGCGAUUACUACGAUGAUUUCAAACGAUUCCUCUGAUUAUUUCACGCGAUUUUCGCGCGAUUACUACGAUGAUUUCAAACGAUUCCUCUGAUUAUUUCACGCGAUUUUCGCGCGAUUACUACGAUGAUUUCAAACGAUUCCUCUGAUUAUUUCACGUGAUUUUCGCGCGAUUACUACGAUGAUUUCAAACGAUUCCUCUGAUUAUUUCACGUGAUUUUCGCGCGAUUACUACGAUGAUUUCAAACGAUUCCUCUGAUUAUUUCACGUGAUUUUCGCGCGAUUACUACGAUGAUUUCAAACGAUUCCUCUGAUUAUUUCACGUGAUUUUCGCGCGAUUACUACGAUGAUUUCAAACGAUUCCUCUGAUUAUUUCACGUGAUUUUCGCGCGAUUACUACGAUGAUUUCAAACGAUUCCUCUGAUUAUUUCACGUGAUUUUCGCGCGAUUACUACGAUGAUUUCAAACGAUUCCUCUGAUUAUUUCACGCGAUUUCCACAACAUUUUUCGUAUUUCAGAACGAUUAAGACUACAUUAUCCUGGCUU	52438	53094	+	tsr1	367830	10.1128/mBio.01990-15	CP000255.1
90	105	UCUCUAGCUUCUGUUCGAUCUCUUAUGUACUCAGUACAUACUGGAUUUUCUGUUAAUUCAUCAACUGUAUUAGUUUAAUCAGAAGACGUGUCU	57712	57804	-	tsr2	367830	10.1128/mBio.01990-15	CP000255.1
91	106	CAACUAAAAGUUGUAAGGGGAUUUAAAUUAAUUUAGUGUAUCUUGGAUAUCUUGUUUUGUUUGAUUAAUAUCUUCUGUUUUUUCUUCUUUUUUAUCUUUUAAUUUUUCUUCAACUUCUUUAGCUUUUUCUGCUGCUUUUUUAUUUUGAUUUUCAUUAGACAUGAUUAAUUCCUCCCAAAUUGGAUAAUUAUUU	1074292	1074484	-	tsr18	367830	10.1128/mBio.01990-15	CP000255.1
92	107	CUGCUGUUCUCUAUUUAUACAAUACUUCGUAUUGAAUGGCUUCGCUUUCCUAGGGUGCCGUCUCAGCCUCGGUCUUCGACUGGCACUGCUCCCUCAGGAGUCUCGCCAUUAAUACUACGUAUUAACGUGUAAUUUUACUUUGAAAUACUUUAAAAAAAUAAGACACUUUGCCCAACUUGCACAUAAAUGUAAAAUUCAAUAAAAUAAAUUUUCUGUGUUGGAUCCCUUCGUAUAAUUU	1429517	1429754	+	tsr24	367830	10.1128/mBio.01990-15	CP000255.1
93	108	CGUCUUUUCACAACCAAAGCUACAAAAAAGAUGGCUAGUUAUUCUUUCGUCACCCGCUGAAUCAUUAGUGUUGUUAUUUCCUUUAACUUGCACGUCUAAAUCAAGAACUUUUUCCAAAGAUAAAACCCCCU	1954961	1955091	-	tsr29	367830	10.1128/mBio.01990-15	CP000255.1
94	109	GUUGCGCGUGCGCAAUGAAUAUUAUGAUUAAAUAAUGAUUCAAUUUUUCAAAAUUCGUUAACGUAUACAAAUGACUGUCUACUGUCAAACAAUCCACAAAGAAUGUUGAUGCAUAUAAACAAUCGAUCACCCAAAUUUUCCGCAUCACCCA	2337922	2338072	+	tsr32	367830	10.1128/mBio.01990-15	CP000255.1
95	110	GAAUGUAUAGAUGAAAAAGAUUUCUAAGAGGGUAAUAUAUAGAAAAUUAAAUAAUUUAAGAAAGCUAGUGAAGUAUGAAGGAUUUGCAAAUUAAUUAACUAAAUAUUACAAGAUUAUAACUCUAUGUUACUUACUAACUUUGAGCCCAGUUAGUCCCACAGAACAACAUAAUGCAUUCCAGAAUGUUUUUACACCACCCCAAAAUGAACUAAACCAUGAUUUUUGUACAGAAGAAGCCAUUGGAGGCACAGUUGGGUUGACAGGCUCUAAAUUUCCAACCUCUCCUUCAUUGAAAGACUGGUUUGAUUCUUUCAAUUUUAGAAGUACAUCACCACGCUGUACUAAGCCAACUGAUGACUCAAGGUGCUGCUCUGCAUUUACAACUGCACCACCUGCAGUAGUCAUCAACAAUGCAAGUGCCAUAGCGCAUGCGCCAACUUUAUAAUUACGUUUUGUUACAAUAUGUUUCAUGAUGAAACAUCUCCUUUGUAUAGAUAUUUGCUUC	618465	618969	+	sRNA23	1307	10.1080/21505594.2021.2008177	CP000407.1
96	111	CCUCCUAUUUUUAAAAAUGAUAUGCCUCAUUCAUACUCAAUGAAAAUCAAAACCAGACCAACCUACCAAGCUGAGAAAGUCGAUAAGAUUAAGAUACCGUACCAACAAAUUGCUGGCAAACCCUAUACAUCGCUUAUUUCAACACAUCAGUACAUGAAUUUGAUUUUCGCAGAGCACCAAUGCUUCCUUCAAUCGUAUGUUUAUAAAUCUGUUAAAAAUGGUCCAAAAACGGAAAGAACUCGACCUAGACCGCGUCCUUUUUACUACUCAUUUGAAAUCUCUAUUCACGCACAGACUACUGAUAUAUAAAGU	1989584	1989895	-	sRNA76	1307	10.1080/21505594.2021.2008177	CP000407.1
97	112	GUAAUAUUAUAGAAAAUUAAAAAUUUAAGAAAGAUUAAUGAAGGUAUGAAGGAUUUGCAAAUUUAAUUGACUAAAUAUUACAAGAAUAUAACUCUAAAUAGUAAACAUUCUACUUAACACCAUCCAACUCCACGACAGAUUGCUUCCCAAAAUGUUUUUACACUACUCCAAAAAGAAUCAAACCAUGAUUUGGUUUCAGAUGGUUUAGUUGUAGAAUUAUUCACAGGUUUCAAAACUAUGCCCCCCUGUGUAAAAGACCCCGCCGGAGUUUCCAACAGCCUAUACACUUUGGCAUCACCUCGAGUUUCGACACUAUAGGUACCCGUACUUGCAUGUGCAGUGGCACCACCUGCAGUGGUCAUUAGCAAGACCAAAGCCAUAGCACUCAAACCAAUUUUAUAACUACGUUUUGUUACAAGUUGCUUCAUUGUUGAAAUAUCUCCUUUAUACGAUAUU	619214	619669	+	sRNA24	1307	10.1080/21505594.2021.2008177	CP000407.1
98	113	UUCAUCCGCCCAGAUGGCAUAAGGGGCAAGGUUCUAGUGCAAGUACACUUCUCAAAGUUCUAGUCAACAUCUCAGCGCAGUGGUUGAUUGGCAGCUUUGUUCGUGCUACACACUCCAAAUCUGGCCUCUACGACUGAUGCGAACAGAGUUCGCUUCAUCUCCAACCUCAAACUGUCUCCCAGACAGUUUGAGCUGUGCGGGGGGUGGGAGUGAAACAGUCUGGGGAUAGACUGUUUCAGCUCAACAACUGGAAAUAAGGACUUGU	356424	356688	+	sRNA14	1307	10.1080/21505594.2021.2008177	CP000407.1
99	114	CCUAUUCUUUCCUUGAAAAAAACGCGUAAAAGAGUAUCAAACCUGUAUUCACAAGCGAAGUGCUUAUAUAUAAGAAAUCGUUUUUAGCCAAUCAAGGUGGUUUUUUCAAAAUACUGACUGUAUUUUGAAAAAAACUAACGAUGAGUGCUUAAAAACUAGCCUUAGUAUAGAAGUGCUGAACAGUGAAUAC	730075	730264	+	sRNA31	1307	10.1080/21505594.2021.2008177	CP000407.1
100	115	GUUCGCUACAGAACAGUCAGAAUAGUGACUGUUGGAGGUCGGAAAUAAAGCGAACACCGUUCGCUUCAGCCGUAGAGGAAGAUGUGGAGUGUAAAACACGAACAAAUCUUCCAAUCAA	501007	501124	+	sRNA19	1307	10.1080/21505594.2021.2008177	CP000407.1
101	116	AAACAUUCUGUUUUCCUUUUGGCUUGAUGCUCCAUCCGACGACUAGCCCAAAAAACUCGUAAGAAAAUAAUGGAAAUGGUAAUGACAGAAACCAAUACCAUGGUCAGGUCAAAGGUUACGGGACCAAGGGUAAGGGUUGGACUUAAAUGUUCUUCCAAUGGAGGU	1122816	1122980	-	sRNA40	1307	10.1080/21505594.2021.2008177	CP000407.1
102	117	GGUGGGCAAGGGCAUCGUUUCCGAUGAGAAUAGAAGGUUCACACAACUAUUCAAGGUCCGCUCCUGCGUUUCAAUUAAAUGAAGACCUCCCUAGCGUCGAAGGGAGUGGGAAAGAACUCAACUUGUCAACCAAGAGUUCGUCUUCCCACCCCCGCACAGUUGAUUAGGUCAGAUUUGGAGUAUAAAAUACGAACAAAUCUGCCAAUCAACCACUGCGCUGAGAUGUUGACACGAACUCUUAGAAGUGUGCUGAACCUUAAUCCCCCCACUACUCGGCUCAUCGCAUGAUUCUAUUCUACCAUAAUCUCAAGGAUUUGCAAGCCUGAU	683924	684250	+	sRNA28	1307	10.1080/21505594.2021.2008177	CP000407.1
103	118	ACUAUCCUUUGGUUAAAAAUUAACUAAUUUUCAUUAUACCACUAUUGGUCCUCUUGCGCCACCAAACCAUGCUGGAAAGCAUAAACAACUGCUUGAGUACGCAUCGCUAACAGCUAGUUUGGAUAACAUA	414200	414329	+	sRNA16	1307	10.1080/21505594.2021.2008177	CP000407.1
104	119	UGUAGGGUAUCAGUCAUUUUUAGAAAGUGGAAAUAGUACAGAUGGGUUACUACCAAUCGAAAAUGAUAGUUUUGAAAUCUCGGAUAAAACGGGUAAUGUAACGGUUGUUGCGAUGUUUGAGAAG	200763	200886	-	sRNA11	1307	10.1080/21505594.2021.2008177	CP000407.1
105	141	UGAGUUAGUUCAUAUCGAUAAAAUUUGUUAUAAAUGAGAAUGCUUAAAUAUACUGCGCAGUUUAAAUGUGAUUAUAUGCGUGAAAUAAAUAUAAAACCUAUAUAGAUGUGGAUGAUAUUAUUGAAAGCAGUUAUUUACAUAUGAUCAGAUAUCAUAAUACUCUAUUGUUAAUAGAAAGAUUGUAGAGACCUGCAUAUUAACUCUGUGAUUAAUUGAAAAUACAAUACUAAUAUAUUAGAUAUUAGCAGCAUAUAUUGGACUUAAUUUCAAAUUUAUGUUUUUGAUUAGUGAACAUUUGCAAUGCGUAAAUCCUUA	189364	189678	+	Rp_sR76	782	10.1016/j.ttbdis.2017.06.008	NC_020993
106	142	UAUUAGGAAUGGAACCAAUAAUACCAGCAUGUAAUAGACGGCAACUUAUAAGUCAUUUUAGAUUAAUUAAAAAUGCUAUUUUUGAUAUUUUUCAAGCAUCGCUACUACCUAAAUUAUAGAUAGAGAUAUAAGCACAUAUAUUCUAUAUCUCUAUUAAUUUCAUUUGAUACUUAAAUAAGUAUCCUUCCUCAUACAAAAUUGACUAUCCCACAUGGUAUUUAUUGUAUUAUCUUUAAUUGAGUAAUCAGUUAUUGUGAAGUCGCAUUUAAACAGUUUACUAGAUUUAUUUUAUUUCUCCUGUAAGAAGUAACAGUAAAGUUUUAUGAUUUUAUCAGUAUUUAAUGUGCUUAUUUUAGUAAGCGAUAAUUUUCUUUUUGUUAUUUUAUAAUAAAAGCAUUAUGCUUAUUUUAUUUAGUCAAGUAAGUAGAUUUUUAAAAUGUUUUUUAAAUGCAAUAUCUGAUGUUUGUACAUUUAUUGUAUUGUAUAUAUGUCAUA	361118	361612	+	Rp_sR83	782	10.1016/j.ttbdis.2017.06.008	NC_020993
107	143	UUUAACUUGCAUAUUUAAUGAAUGUAAAAUUAACUUGCUAUCUAUUCAUGAUUCGAUUUUUUAUAUAAAGGUUUUUUUAGUAUAAAUUCGGUCCUAUUAGGCUUGAAAUUUGUUGUACAAUAUUAUCAAGUAAUCUAUUAAAUGACAUAUUAGAAAAAUCUGUACUUUCUACGAGUGAUGCUAUUUUAUUUGAAUUAUUUAGAUCUUCUUCUGUAAUAUAAUUUAUU	426907	427133	-	Rp_sR86	782	10.1016/j.ttbdis.2017.06.008	NC_020993
108	144	AUAUUAUUUACUGGUGUUGUGCUAGUGCUUAUAUUUUAUUAUUUAUGAAUACAUAAAUAUUGAUUUACAAUAAAUUUUCACAGCAUAUACCAAAACUAACUCUCUUCUAGAUAACUAAGUAUAAUAUAACUACAUCCUCUACCAUAUCAAUAUUUAUAAUAUUAUCAAACCAAUAUGGUUUAUAACCCAUAAACAAUCAGCACAUUACCUCGAUAUUCUCACAAUAAUUAAUUAUGAAAUGUGAAACCAAAUUCAUCGAUUUCACCGGUGAUUGUACCAUACAUAUAACUCAGAACUACAUCAUUGAUCUUUGCUUUAAUUCUAGCAC	1046344	1046671	+	Rp_sR159	782	10.1016/j.ttbdis.2017.06.008	NC_020993
109	145	UUUCGACUGGCGACAAUUCAGAUGGUGAACUAAUUUAAAAACGCUGUUUGGAAGUCAUUUAGGAUUUCCCUGAGAACUCCGGCCCGACCCUUUAACGAGGUGCGGGCAUUU	3822866	3822977	-	pPAR395	706191	10.3389/fmicb.2019.02075	NA
110	146	GAUCAUUGCAUAUGAUAAAGGAAGACAAUCAGGUGUGGGAAAGCGAAGGUAAAUGUUUGUACAAAUGUUUCUGGGAUGUUACUCUGAGUGUCCCGGCCAGCAUCACUUUAUAGUUUGUGAAGUCUGGCCGGAAAGUUUUUCCCUGGUGUUGGCUGUUUCAGCGACCUGGCCUUGCAGGUCAGGUUUUUUUU	2187335	2187526	-	pPAR237	706191	10.3389/fmicb.2019.02075	NA
111	147	GUUGUUUAGCGGUAAAAAAAAACCUGACCUGCAAGGCCAGGUCGCUGAAACAGCCAACACCAGGGAAAAACUUUCCGGCCAGACUUCACAAACUAUAAAGUGAUGCUGGCCGGGACACUCAGAGUAACAUCCCAGAAACAUUUGUA	2187321	2187467	+	pPAR238	706191	10.3389/fmicb.2019.02075	NA
112	1	GCCUCAUGUUUGCAAAAAAGAAG	61074	61262	-	MH_s3	763057	10.3389/fmicb.2017.01730	NA
113	2	GGUAUAGCAACCAUCAAAGAUCGCAUUUG	72492	72661	-	MH_s7	763057	10.3389/fmicb.2017.01730	NA
114	3	CGGGAAAAGAAAGCGCGUCGAAGAAAAGCC	1235474	1235614	+	MH_s10	763057	10.3389/fmicb.2017.01730	NA
115	4	UAGAGCACCGGCCUUCUAAGCCGAUGGUCACAG	1432008	1432172	+	MH_s11	763057	10.3389/fmicb.2017.01730	NA
116	5	GGGUCGGGGCGGGAAUGCGAGCCGGGUUCGGAUGUGU	2726658	2726861	âˆ’	MH_s15	763057	10.3389/fmicb.2017.01730	NA
117	6	UGAACACUUCUGACUUGCAAAUUGAUUGAG	3491690	3491875	+	MH_s22	763057	10.3389/fmicb.2017.01730	NA
118	7	CGUGAAUUUCCGAUAGAGCCCAAGUAAUACUUU	4532144	4532330	-	MH_s25	763057	10.3389/fmicb.2017.01730	NA
119	8	GACAGGAUCUUAGCAUGUACAAGGCCGUUGG	5779015	5779087	-	MH_s36	763057	10.3389/fmicb.2017.01730	NA
120	9	UAAGACGCCCGCCCCAGCCCUGGACGCAUUCGAC	6026852	6027101	+	MH_s39	763057	10.3389/fmicb.2017.01730	NA
121	10	ACCGUCGACUAGAUCAACAAUAUCAGUAAUAAAAUUAUUUUCAUUUCUUCCAGGAUAUUCUAGUCCUAAUUGAUAACCAGUCUCAUCCUUGACCUUGUAU	139192	139291	NA	sRNA_1	2099	10.1186/s12864-016-3061-z	NA
122	11	ACUUGAAGCGCUAGUCAAAACACUCCAAUAUCAUCCUUUUUAUUAGUCUUUUGUGUAGUAGUAGAAGAUUUCGUUGUCGGGCUGC	139364	139448	NA	sRNA_2	2099	10.1186/s12864-016-3061-z	NA
123	12	UCUAAGGCUAAAUUCGUACUGCUUGUGGAAUUAGGAACUGAAUUUUGACUAGUUUGAGGCGAUGAAGUGGAAACUGGCUGUGUUUGCUGACUUUGACUUUGUCCCUUAGCUUCUUCUGCAAAAGUGCUUACCUUGACUGUUUUUGCUGAAUUUUCUGUUGUUUUAGCUAGUGAAACCUCUGGUUUUUUCGGUUGUGUGGGGC	139841	140042	NA	sRNA_3	2099	10.1186/s12864-016-3061-z	NA
124	13	ACCAAUACACGAUAACAACUCACUCUCGCGUACUGCAACCUUAUGCAUCAUCAUCCUUUAACGGUAAG	220605	220672	NA	sRNA_4	2099	10.1186/s12864-016-3061-z	NA
125	14	UGCCCCUGAAGCCGCCGAGCUAGCAACUGAGAUUAUUACCGUUGAAAGUCCAAGGGCAACUAAAAUGAUUAUAAAGCCGAUUGAAGACCAAAUUAGGGCUUUUUUUCAUUUAUCUCGUUUUUCAACAUCAUGUGAAAUUGCUAACAUUGUUGCAAAAAAAACUACGGAUGCAACAAGUAUCCCAGCAGCAAUCGGCAUUCCGAUCUGUGUUAGAUAUUUUAUUCAUUUUUGUAAAGUGGUAGCUAAUGUUGAUAGCUCUGCACCCACUUGGACAUCCUC	303056	303334	NA	sRNA_5	2099	10.1186/s12864-016-3061-z	NA
126	15	UGUCAAGGAACUUAAAGCCGCGCAUAUGGCAGAACUUAAAGCCUAUUUAUUGGCAACUGGGUUUGAAGAAAAUGAAGCAACACACACACACACACAGAGAGAGAGAGAGAGAGAGAGAGAGAGAGAGAGCCGCUUUUCAAGCGG	353281	353424	NA	sRNA_6	2099	10.1186/s12864-016-3061-z	NA
127	16	UGUCAAGGAACUUAAAGCCGCGCAUAUGGCAGAACUUAAAGCCUAUUUAUUGGCAACUGGGUUUGAAGAAAAUGAAGCAACACACACACACACACACACACACACAGAGAGAGAGAGAGAGAGAGAGAGAGAGAGAGAGAGAGAGU	353927	354072	NA	sRNA_7	2099	10.1186/s12864-016-3061-z	NA
128	17	UGAUCAACAAGUCCCAAAUUCUUAUCCCUAUAUUGCAAGAAAAUCCGGUGAUAACGGUACUCGCGACUAUAUAAUCGAAGAUC	354179	354261	NA	sRNA_8	2099	10.1186/s12864-016-3061-z	NA
129	18	UCGAUAGGAACUCUGCUUAUAUUUUUAGGUCAUGCUAUGCUACCAUUCCCUCUUCUGUAUCACAAUUCAUCCUCAUCUUCAUCAACAACAUCAGGC	371715	371810	NA	sRNA_9	2099	10.1186/s12864-016-3061-z	NA
130	19	UAGUUCUCGAGAGAGAGAGAGAGAGAGAGAGAGAGAGAGAGAGAGACCGCAGCCGGGUAUGAUAUAAUUUAUAUUGAUCCACCUUAUAAUACUCAGGCUAG	388732	388832	NA	sRNA_10	2099	10.1186/s12864-016-3061-z	NA
131	20	UGACUGACCUUCAUCGUACAUCAUCUACAGGCGCAUUUCAAUAUAUAAAGUCUUUGGAUUAUCCUAUUAUUGCCCCUGAUGGUACUAGU	389273	389361	NA	sRNA_11	2099	10.1186/s12864-016-3061-z	NA
132	21	ACAAUCCAGAAUCAGCUUGUUAUACUUGAGGGAAAGAUACUUUUGUCGAAGGGGAAAAACACGGAUUUAUUGAAAUUGUUAAAAAUUCUCGUGGUGAUUGAGUUGCUAAACGUAAACAGUAUCAAUAUGU	389384	389513	NA	sRNA_12	2099	10.1186/s12864-016-3061-z	NA
133	22	UGCCGGUAGUGGAACAACCGGCCAUGCAGUUUGAGAGUUGAACCGUCAGGAUGGCGGAAACAG	389727	389789	NA	sRNA_13	2099	10.1186/s12864-016-3061-z	NA
134	23	UGCCCCUUUUGUCCUAGGGGUAAUUAUUGGAACGCUAUCAAGAUCAAUUCUAAUUGCAAAACCUCUUUUAGUGAUAAUUAUUGCUUCCUGAUCUGGACC	407854	407952	NA	sRNA_14	2099	10.1186/s12864-016-3061-z	NA
135	24	AGAUCGCCGGCCUUUUCAGUGUCUAGACCUCUUAGUCCUUUUGUUAGUCUUCUAGUUAGUUAAUAUUCUUUAACAGGAG	407972	408050	NA	sRNA_15	2099	10.1186/s12864-016-3061-z	NA
136	25	UCCAGUAGGUUCGUCUAGCAAAAUAAAGUCAGAUUUAGGCGCUAAUGAUCGUAAGAUCGCGAUUAGUUAUUUUAGCCGCCUG	421281	421362	NA	sRNA_16	2099	10.1186/s12864-016-3061-z	NA
137	26	UGGAUCAGUACUCAAGAAGCUUAAGAAGAUAUGUUGGAAAAGUAUUAAGGGUUCAAGAAAACCCGCUCAGGUUC	427966	428039	NA	sRNA_17	2099	10.1186/s12864-016-3061-z	NA
138	27	AACCUGUCUGAUCCGCCAUAUUAGCUUCUGUGGGUAAAUUGCUAUACACCUUAGAUUGAGGUUCUAAUCCGAAAACGAGUGCAAGUUCAAGUCUUGUCGAGAGCACUAUG	428042	428151	NA	sRNA_18	2099	10.1186/s12864-016-3061-z	NA
139	28	ACCCGGAAUUACACCGAGUUUUUUCAUAUGGUGGAGGUGCGGGGAAUCGAACCCCGAUCC	434330	434389	NA	sRNA_19	2099	10.1186/s12864-016-3061-z	NA
140	29	UAGUAAUCGAGAGAGAGAGAGAGAGAGAGAGAGAGAGAGAGAGGCGGCUUUGAUAUAAUCUAUAUCGAUCCGCCUUAUAAUACCGAGGCAAGUA	488344	488437	NA	sRNA_20	2099	10.1186/s12864-016-3061-z	NA
141	30	UCGCGUAAUGGUUGACUAAAUUUAAUGAAUGAACGACUAAGGCUAGCAAAGGAUCUUCUAAAAGAUGAUGG	488512	488582	NA	sRNA_21	2099	10.1186/s12864-016-3061-z	NA
142	31	UGCCGGAAGUGGGACAACUGGUCAGGCAGUUUUAGAACUAAAUUACCAUGAUGGUGGCACUCGCAGUUUUACUCUGAUAAC	489408	489488	NA	sRNA_22	2099	10.1186/s12864-016-3061-z	NA
143	32	ACCGUGAUUUAUCCGAAAAAGUCUUUCAUAAGUUAUGUUAGUUGCGAUAUUAUUUUGAUUGUUUGUGACUAAAGUAAAAAUUCUGUUUCCGCCAUCCUGACGGUUCAACUCUCAAACUGCAUGACCGGUUGUUCCACUUCCGGC	515596	515739	NA	sRNA_23	2099	10.1186/s12864-016-3061-z	NA
144	33	UCCUAGCUCAACGCCAUCUCCAAUCUUUAACAGCGCGGUUUCCCUGAUGCCUGGCUUGUCACUUUUCUUGACUCCCGCCAGC	516015	516096	NA	sRNA_24	2099	10.1186/s12864-016-3061-z	NA
145	34	UUGCCAUUAUAUUCAAUCGGAUAAUCAAGUCCUUCAGAUCACGUUAAUGAGGCACGAUCAAGUUGGAUCAACUUAUAUUUUCCUCUUUCUUGAAUAUACUCAUCAG	516107	516212	NA	sRNA_25	2099	10.1186/s12864-016-3061-z	NA
146	35	AGCUAAUACAUACUCUGUUAGGACUUUUACAAAUUUGGAGUCUGCCGCUGAUCCCUCGUUUUUCUUUUGCCAAACUAAAUUAGCAACAAAAUUUUCCUCGCCAAAAAUUUCAUCCAUUAAAACUUUUAAGUAGCCGUGUUGAUUAUCAUCAAUUGAGACAAAAAUUAUCCCGUCGUCUUUUAAAAGUUUUUUGGCUAAAUUUAGUCGCUCAUUUAAUAAAUUUAGUCAGCCAUUUCGCGAGUAUUUAUCUCGGUAAAUAAAUUUUGAAGGUAAGAUAUUUUCUUUAUCAUUUGCAAUCUGGUUGCCUUCAUUAAAACUAGCCUGAGUAUUAUAAGGUGGAUCGAUAUAAAUUAUAUCAUACCCGGCCUGCGGUCUCUCUCUCUCUCUCUCUCUCUCUCUCUCUCUCUCUCUCGAGAACUA	516286	516705	NA	sRNA_26	2099	10.1186/s12864-016-3061-z	NA
147	36	UGGAGAUAAGGCUAACUUUAGAGAUGCCGGUAGCGACAACCCUUCCUAACGGAAGGCGCACCUGUUUUUUGUGUAGUAAAUAUAUCCAGUAGG	517984	518076	NA	sRNA_27	2099	10.1186/s12864-016-3061-z	NA
148	37	UCUCGUUGUGUGAGAUAUUCAAAUUGAUCGCCAUAGGCGUAUUCAAUAGGAAUAGUAUAAUAUUCUUUUCUAUUGAAUCAAUGACUAUCUAGUUG	523316	523410	NA	sRNA_28	2099	10.1186/s12864-016-3061-z	NA
149	38	ACAUCAUACUCUUGCUCAACCUGAACUCUAUUAUUAACUGGUACAUAUUCACUAUCUCAUUGUUCUUUUUUUAUAUAAUUAGGUUCAACAACUGCUGCCAG	523517	523617	NA	sRNA_29	2099	10.1186/s12864-016-3061-z	NA
150	39	UGACGUAUUAGUGCUAUUAUUUGUUCCAUCACCACCUAAUAUUUUCUUAAGUCUAAUUUUUAUAUCUCUGUCUUCAAAUCCGCCGGCCUCAAUUCCUCUUCCGGCAAGGGGAUCGACAAUAUCAAAGUUAGCAAUAUAAGUUGUCUCGUC	569512	569661	NA	sRNA_30	2099	10.1186/s12864-016-3061-z	NA
151	40	UCUUGCUGAGGUCUCUGAAGUAGACUCUGGGCUAAUUUCGGCAAGAUUAGGGGUAGGUGAG	570424	570484	NA	sRNA_31	2099	10.1186/s12864-016-3061-z	NA
152	41	ACUUGCCCAUUUUCGCCGAUCUUUUCAAUUUCAAGUGUGACUUUUUUCCCGGCGGUAUACCUUCCGCCAUC	571166	571236	NA	sRNA_32	2099	10.1186/s12864-016-3061-z	NA
153	42	ACGCGGAUUAUUCGGGCUUACAAGUUGAACUUGAUAAAUUGAACCAGGUAAGAGACUAUCAAUAGAAGUCG	574204	574274	NA	sRNA_33	2099	10.1186/s12864-016-3061-z	NA
154	43	UAUAGACAAGUUCAAGAUCAGCAUUUUUAGCCCAAGAUGUAUCAGCCUGAUUUUUUCCUUGAAGUUUAAAACUAAAUUCACCUGUUGCUGCCUGAAUAUUAUUACCAACAAAUUCAGUGACAUAAAUAGUUUUUGGACUUAGUAAUUUUGCAAGAUAAGGGGAUAGAGCUAUA	574341	574513	NA	sRNA_34	2099	10.1186/s12864-016-3061-z	NA
155	44	UAGCUCUGUUAGUCCUGAAUCUUGGCCUGGGGCUGACUCAAGUCCGGCAAAUUCGUAUUUUUUUCCAGGAUCAAGAUUUGAUAGACUAACUUUAAUUGCAUUAUUAACUACCUGAAUGUAUUCAGG	583898	584023	NA	sRNA_35	2099	10.1186/s12864-016-3061-z	NA
156	45	AGAUCCCAUUUUCUUGUCCCUGAAAAAAUGUUGCAGUUGUUGGGAUAAUUGAGCUAUCAUCUAAAUAUAAAAGUGCUUGUGCCCCUGCAAGAUUAUCAGCUGAGGCAAUUGUUAGAUCGACAUUAGC	585178	585304	NA	sRNA_36	2099	10.1186/s12864-016-3061-z	NA
157	46	AUCAGCUGAGGCAAUUGUUAGAUCGACAUUAGCAAAAGUUGCUCCAAUUGCAAUUUUUGAAUCAAUUACUGCUGCUGGGG	585272	585351	NA	sRNA_37	2099	10.1186/s12864-016-3061-z	NA
158	47	UCGAUCUGGGCACCUUCAAGUUCAAAACUUUCGAUCUGGUAAGUACGACCUGGAUCUAAAUUAUUUAGAUCAAAACUAGCAAGAUCGGCAG	585384	585474	NA	sRNA_38	2099	10.1186/s12864-016-3061-z	NA
159	48	UGCGCUGAUCUUAUAAUCAAGUCCGGGGUGUAAAUUAUUUAGGGCAAAUUCAACUUUUCCGUCUUUGACAAUUCCGGCAUCAACAUAAGAAGUAUGGAUUUCUUGGGCAGUUUUAGCAUUAUCAAGUUGGCUUUCAAGAUCAUCUGCUUGAUUUUUUAGGACAUAAUAAUAUUCAAGGGCGACUUUUUUCCCUUCUAGAUUUGCUGCCUCAUCGGCAAAUUUAACUGAUACUGAAGCUGUAGAAGGAGUUCUGGCCUC	585779	586036	NA	sRNA_39	2099	10.1186/s12864-016-3061-z	NA
160	49	AGGGCGACUUUUUUCCCUUCUAGAUUUGCUGCCUCAUCGGCAAAUUUAACUGAUACUGAAGCUGUAGAAGGAGUUCUGGCCUCAAAAUUGAUUGUUGAUACAGCAGGAGGAGUAUCAAC	585954	586072	NA	sRNA_40	2099	10.1186/s12864-016-3061-z	NA
161	50	UAGAUAGUAACGACGCCCAAAACUGAGAUUGCUAUAUUUAGAAUUUAUUCUUCAAUAACGACUAAAUUCAUCAUAUAUGGCAGUAUAAGUAGCUACAACCUC	586154	586255	NA	sRNA_41	2099	10.1186/s12864-016-3061-z	NA
162	51	UACUGCCUUGGCCGAGAGAGAGAGAGAGAGAGAGAGCAAGGUGAACGCGCUCUUCAAUUAGAG	605409	605471	NA	sRNA_42	2099	10.1186/s12864-016-3061-z	NA
163	52	AGGUCGUCAACUGAACCUAUAAAAGCAAACUCACUUGGGGACACAUCUAAAAAUUCACCGUUAAUGAUACGGAUUACUGAAUCAAUUGUCUUUUCAAGUGGGACAUAUACCCCGGGUUCCUUGGUAAACGCGGCUGCCAUAAAGAAAUUCUGGGUGAAAAAGUUUUCGAGCUGGAGCGCUUUUCUUACGAUAAUUUUGCUCUCGGCAUCAAGCUCGUC	624366	624583	NA	sRNA_43	2099	10.1186/s12864-016-3061-z	NA
164	53	ACAGAGACUGAAUUUGAAGUUGAAACAAGUGGGUCAAAAGCCGGGAAAAUAUUACGAGACAUUUUAUCACGGGAGAGCACAAAUGAUGAAUCAAGGUGAGUAAAAAGUGAAAUUGCAGCUGGAUCAGAGAGGUCAUCCAUCGGGAG	624684	624829	NA	sRNA_44	2099	10.1186/s12864-016-3061-z	NA
165	54	AGUCUGUCCUGAAUAAAAGCAACAUCGGAAGCCAUUGUUGCAUGGUAACCUCCGAUUGAAACAUUUUUUUCAAGGGCAGAAGAAACCUCAUUUGUUGCCUGAAUAAACCGAUAAAUAUUAUCGAUAAAUAUUAUCGAUAAAUAAAAGCACAUCAUCUUUUUCAUAGUCACGGGCAUAUUCAGCCGCUGUUACUCCCAUUGGCACUAUCAUUGAACGAGCGCCAGGAGUUUCGUUCAUCUGGGCAACAAACAUUGUUGAUUUCGCC	624876	625140	NA	sRNA_45	2099	10.1186/s12864-016-3061-z	NA
166	55	ACUCUAGACCCUCACGGGAGCGUUCUCCUGAACCAACAAAAAUUGAAGAAACUUUCUGUCUUUGUUUAGAAACAUUAAAAAUAAUUUCCUUCAUUAAAACAGUUUUACCAACCCCGGCUCCACCAAAAAUCCCGAUUUUAUAGCCUUCGAAAAUCGGCACAAAAAAAUCAAGCGCCUUAAUUCCUGUCUCUAAUAAUUUAUGUCUAAUGCUAAAAUUUUCUUUUCCAACAUUAAUUAUCGAGUUAAUCGGAAUUGUUCUUGGUCGAUAUUGUGGCGUAUUUUGGGAUUGACCUAAAAUGUUAAAAACUUGAUUUUUUGCUGAAGGACCAACUGGUACUUGUAAAAAAUUAAGAGUAUUUAUUACUUGUGAGCCAACUGCAAUUGGAGCCGCUUUGGCAAUUACAACCGCCCUGACCGUAUUAUG	625172	625595	NA	sRNA_46	2099	10.1186/s12864-016-3061-z	NA
167	56	ACCGUGCGGUUUUCAUGCAUAACUAAUGCUUGCUCGAGCUGAAUUUUUUCCAAUUCACUUGUGAAUUUGAUCUCAGCAACGUUUGUCCAGAUCUGUGAUAUAUAGCCAACC	625621	625731	NA	sRNA_47	2099	10.1186/s12864-016-3061-z	NA
168	57	AAUUCUAAAUUCUUUCCAGAUUGUAUUGAGAUAUAAAUCUUCUAUUUCCGCUUGAAAAGCGGCUCUCUCUCUCUCUC	63108	63184	NA	sRNA_1F	2128	10.1186/s12864-016-3061-z	NA
169	58	GAAUUUAAUAAAUAAGCUCGUCUCUGUGGCACUUGUCGUCUAAGCUUGGGUUUAUUAGACCCAACAUGAACACUACUACCAUCACAGGUAGUGCUAG	158145	158241	NA	sRNA_2F	2128	10.1186/s12864-016-3061-z	NA
170	59	UUUGUGGUAAAAUUUAUGUGCCACUAGAAUAAUAACCUUGUAACCUGGUCAGGAUAGAAAUAUAGCAGCCAUAUCGAGAAGU	262856	262937	NA	sRNA_3F	2128	10.1186/s12864-016-3061-z	NA
171	60	UUUAAUUGGAAUUUUGCCUGCCCUAACUUUGCCAUUGGUUUCGGUUGCUUGUCAGCCAUUUGGUGCUAUUAGAAAAAUUGGCGAUCUAACUGCAGAAAUUGGCUCUAGUAAUCCUUGAGAUCAAGAAUUAGAUCUAAAAAAACCUUUAGAUUCAAUUAUCGGUGGUAGAGUUC	267155	267327	NA	sRNA_4F	2128	10.1186/s12864-016-3061-z	NA
172	61	UACUACAAAAAAAUUCCAAGGGGCAACUGCACUUUCACUUCCCGGACUUCGCGGCGGACAUGGAAUGUCAGGGUCAUUAGUUGUUAAUGAAUAUAAUCAGGUUCUUGGAAUUUUUUGGGGAGGUUAUUUCCCACCAACUUUACCAGGCCAAAAUCGACUUGUUAAAGGUGUUGGCCAGUUUGAUCCAAUCGGUAUAAAA	269570	269768	NA	sRNA_5F	2128	10.1186/s12864-016-3061-z	NA
173	62	GUUUUUCAAUAUUUUGAGGUUCGCUAUAAGAAUAAGAAGGAGAAACUACUUUUUUAAUCGGUUCUGCCGGGAUUGGGACUGGAACAGGCGUUUCAAUUGGGG	382228	382329	NA	sRNA_6F	2128	10.1186/s12864-016-3061-z	NA
174	63	UUUGGAUUAAUUUUUGGAUUGGGUCGGUGAAGUUGUAAUUCUGGUGUGUCAAUCCCGAAUAGUCGAAAGUGCCUGUUGUUUUUAUCAGUAAAAGUAUCG	407678	407776	NA	sRNA_7F	2128	10.1186/s12864-016-3061-z	NA
175	64	UCAAAAAAAUAAUUUCCUCCUAUAAUACUUGUAUUAUAAGGAGAAGCAAUAGAGGAGUGCCUUUUCGUUAGAAAAAACCUG	463617	463697	NA	sRNA_8F	2128	10.1186/s12864-016-3061-z	NA
176	65	UAAAAUAAUAUGAUUCCGUGAAUCUAAACUGUAGACUCUAUUAAAUCUUUUUAUUUGGAUCGGGGUUCGAUUCCCCGCACCUCCACCAUAUGAAAAAAACUCGGAAAAAUCGGGUCCUUUUC	495803	495924	NA	sRNA_9F	2128	10.1186/s12864-016-3061-z	NA
177	66	AAUAUCUAAAAUUAACUUGAUUGUGUUCUCUGCGGGGAUAUAACUCAUUUUUGAGAUUAAUGGGGCGGUAUUAAAUGAAAAAGAUGGACUUGUUUUUGGGCUCGGGCUUGGUUGGGUAGCAAACAAAGUUGUUGUAAUCACUGGUGAAUUAGGAACAAUAAUUUGGAUUUGGUUUUUACUAUCUUUAAGUCCGAUUAUUUUAUAUUGGGCUCCGGCAUCAAGUCUAUCAAGGGAAAAUUCAUAAUACAAACUAGCUGUCUCGGGAACUUGGUUUUGUCAUUGGCUGGCUAAAUUAUUAGAGUCACUGAUAAUACUUGCACUAGUUUCGGUAUUAGAAACUGAAGAAAUUCCGUCUUUGGAUGAUUCAUAUACAAGUUUUAA	566247	566627	NA	sRNA_10F	2128	10.1186/s12864-016-3061-z	NA
178	67	UAGUGAUUUUAUCAACGAUAACCUUGCUUGGGAAAGUAAUAAAUGCACGUUUUUCUUCAACUGAGCUAGCAAAGCGGAAAUAACCAGAAGAUGCCGAAUUUCUAACUUCUGAUUCUUGUUUUGCUAGUAUAUUAUCUGGGUUUUGGCUAUCAUAGGCGAUUUUCUCGAUAUAGUACUGCGCAAAAAGAUCAAGGUUUUUUAGAGUAAAUUUAAAGCUAGCAGAGUCUUGUAGACUUUGAACUUCUGAUUUUUGAGCUAAGGGGGUUUGAGUUUUUUCAAGCUUUUGAAGUUCGGUUAUAAC	567494	567794	NA	sRNA_11F	2128	10.1186/s12864-016-3061-z	NA
179	68	UAAAUUUUGAAUUUUGAGCCUUUGCUGUUGUCUCAAGAAUUUCAGAUACUGAUGGCUGGCUACCAUCGCCAGCGACAAGUUUUUGGUAUUUGAUUUUUACCUCGCGGUUUUCAAAGCCGCCUUUUUCGAUGCCACGGCCUG	568595	568735	NA	sRNA_12F	2128	10.1186/s12864-016-3061-z	NA
180	69	UCUUUAGCAAAUUUUACUAGAAUAUCGGCGCUAUUAUUAUCGGAUUUAUAGGAAAUAUCGACAAUUGUUGCAGAUUCUGCCUCUAGUUCGAAUUUUUUUUGUUCUUUUAGGGAGUUAAACCCUUCGAUAUCAUUACCAUCGACUUUGGCAGGCGA	569137	569291	NA	sRNA_13F	2128	10.1186/s12864-016-3061-z	NA
181	70	AUUGCAAUAUUUAAAGCUAACGAAGUUGACGAUUUCUUUGUAUAAGUAAUUGAAGAAACUGCUGGUCGUGUUGUUCAAUUUAGCUUGCUAGCAUUAAUAUUAGUACCGAAAUUUAGGUAUAAUUUAUUAACAAAGUACUGUUUUGAAUCGGCAAUGCCGAUUGAAUCGAUAAAAUAAGUUGUCCCUGGUUCUAAAUUAAUUAAAUCCCAACUAAGAACAAGUUUAUUCCCUGAUAUUUUAAAAGCUUCAGCAGCGGAUUUUAGUAAAUUACUAGACCCUGCGACUUUAAAAUAUAAAGUCGCAAUAUUAUCUUUGAUAAAAUCAUCGACAGAAUCAAGAAUUACGCUAAUUCGUGCAGUAUCUUCACUAAUUCGAUCGGUGCUAACUGAUUCAAUUGUUGCGC	571768	572170	NA	sRNA_14F	2128	10.1186/s12864-016-3061-z	NA
182	71	AAAAACAAAAUUAUUAUCACCAGUUAAUCUCAAAAGUAAUUGAGUCACAUUUUUCCGAGAGAAUGCCAGUUUCUGUUAACUGAGUACGACUUUCAGGUGACAAUUCCCAUCU	692080	692191	NA	sRNA_15F	2128	10.1186/s12864-016-3061-z	NA
183	72	UGCGUGGACCCGGGUUCAACUCCCGGCAUCUCCACC	400544	400579	NA	sRNA_1R	2100	10.1186/s12864-016-3061-z	NA
184	73	UACCGGAGCAGUUGGUAAAGCAUAUACUGAUCCAGGGCAUUCAAAUACUAAUGUAACCGGAUAUCAAAUUAUUUUAGCAAUUACAUUAGGUAUAACUCUACUUGGAGUAUUAUGUGCUUUAGUGG	336555	336679	NA	sRNA_2R	2100	10.1186/s12864-016-3061-z	NA
185	74	ACCCCGCCUUUUUCAAGAAAAGAAGACGCCUCAACUUCCGUCUUCGCCC	836858	836906	NA	sRNA_3R	2100	10.1186/s12864-016-3061-z	NA
186	75	AGGAGAAACGUGCAAGACGGUCUAGAUAUUUUUAUGCAAGUACUUUCUUAUGGAGGAGCAAUAGGUGUAGC	630738	630808	NA	sRNA_4R	2100	10.1186/s12864-016-3061-z	NA
187	76	AGGUGCAGCGAAUGAAGUUCCGGAUACAGUGUGUUGCCCUUCGGGUGUAC	240966	241015	NA	sRNA_5R	2100	10.1186/s12864-016-3061-z	NA
188	77	UACCAGGUCCUAGACCUUUUAAUUCUACUUUAACUUCUUUAAUUCCGUGUUCUUUUGCGCCUUCACUAGCUGCUGCUGCUGC	487087	487168	NA	sRNA_6R	2100	10.1186/s12864-016-3061-z	NA
189	78	UAGUUGAUAUGGGAGUAAUGGCUGGAAUUAAAGCUGUUUUUGAAGUAGAAGGAAUUAUCCACGGAACAACUAG	710697	710769	NA	sRNA_7R	2100	10.1186/s12864-016-3061-z	NA
190	79	UGGCGGGUCAGACAGGAUUUGAACCUGCGCGGGUUUUCACACCCCUAACGCGUUAGCAGUGCGUCCUCUUCAGCCUCUUGAGUACUGACCCAUACCGAG	518294	518392	NA	sRNA_8R	2100	10.1186/s12864-016-3061-z	NA
191	80	AGGAGGUGAGAAAUGGCAGAUAAAAAUAGACCUAGCACACCACACAAUAAUCCAAAUGGUGCUGGUUAUCCAUCUACUACUGG	762776	762858	NA	sRNA_9R	2100	10.1186/s12864-016-3061-z	NA
192	81	ACACCCGAAGGUGCCUUUACAUCUAUAAGCCGCGUUCUGUACUAUUUCUAGCGUCAAUUAUUUAUCUAAGUUUAAAAAACUUUUUGUUUUUUAUUGAAUUCUAAAAAACAAAUUCCCCUACCUUCAUUUGGGUUUCUAGCUCAUGGAGUUUACCGCGUUUCACUUUAAUUUAAUAAAUUCGUCUCUGUGGCACUUGUCGUCUAGGCUUGG	64975	65184	NA	sRNA_10R	2100	10.1186/s12864-016-3061-z	NA
193	82	AGGAGGGUCAAUGUAGAUUAAAUCGAAGUUAGAAUCCUCUCUCUCUCUCUCUCUACUCUACUCCUAUAAGG	236030	236100	NA	sRNA_11R	2100	10.1186/s12864-016-3061-z	NA
194	83	AGCCACGUGGUGUGCGAUCCGACGCGCACCCGUAAGCUGCUGCUCAAGGAGCGCGAGCUGGCGACCCUGUUCGGCAGCGCCAACCGCGACGGUUACACCAUCGUCCCGCUGUCGCUGUACUGGAAGAACGCCUGGGCUAAGCUGAAGAUCGGCGUGGCUAAGGGCAAGAAAGAACACGAUAAACGCGAUGAUAUCAAGGCGCGUGAAUGGCAGCAGGAUAAAGCGCGAAUUAUGAAAAACGCCGGCCGCUAACGCUAGCGCAGCGGCGGUAAACUCUGGUAUACUGCCGAUUACACACUUGGGCCUGAUUCUGGAUUCGACGGGAUUUGCGAAACUCAAGGUGCAUGCCGAGGGGCGGUUUGCCUCGUAAAAAGCCGCAAAAAAAUAGUCGCAAACGACGAAAACUACGCACUCGCAGCUUAAUAACCUGCGCAGAGCCCUCUCUCCCUAGCCUCCGCUCUUAGGACGGGGAUCAAGAGAGGUCAAACCCAAAAGAGAUCGCGUGGAGCUCCUGCCUGGGGGUGAAGCGUUAAAACUAAUCAGGCUAGUUUGUUAGUGGCGUGUCUGUCCGCAGCUGGCAAGCGAAUGUAAAGACCAGACUAAGCAUGUAGUACCGACAGCGUAGUAAUUUCGGACGCGGGUUCAACUCCCGCCAGGUCCACCAAAUCAUGAUCCGGAUACGUCCGGUGAAGUACAGAAAGCCCGCAUGGCACAAGCCCUGCGGGCUUUUUUGUGUCUGUCAUUGUCCGAGAACAUCCGGCUAAAUCCGGUGAUUAUUGGUAUACGUUUAGGUAUACGGUAGGAUGUAUACCUAAACGCGUAUACCAAUUCAUGAAGGAGCGGCCACAGUGGCACGGACAACACGCCCCCUUACCAACACCGAAGUUCUGCGUGCUAAAGCGUUAGAGAAGGAUCUAACGCUGCAUGAUGGCGAUGGCCUUUUCCUGAUAGUGAAAACCAGCGG	2877375	2877738	NA	ET_sRNA_1	636	10.1371/journal.pone.0172783	NA
195	84	AGCGGUUGCGCCGGCGGAAUAGUUUCAGCCCGAGGAAAUCCUCCAAGGAUUUGAUCUGGUGGCUGACCGCGGCCUGCGUCACAAACAGCUCCUCGGCCGCCUUGGUAAAACUGAGGUGGCGUGCGGCGGCAUCAAAGACGCGCAACGCAUUCAGAGGCGGUAAUCGUUUUGACAUAUGGGAUCGCUUAUUAUCAAAUAGUUACUAUUUACCAACCAAUUUGCAACAUAUUAGUUUUUUUUAUCCGAGCCAUUAUAAUUUGUCCGUUGAGGAUAGACCAGCAAAUACCUAUAGUGGCGGCAACUUCCCAAGCCGGAACGAAAAAGCAGGAAUGAAUCGUUUCAGGAAUGCUUUUGGCUUUGUGGUUGUGAUGUUGUGUUUGCAAGUUGUCUGACGCGUUAUCAGACAUGGCGGUGGCGUAAGCCCUGCCGUUUUUCACUUCCUGUACAUUUACCCUGUCUGUCCAUAGUGAUUUAGUAGCACCGCCUAUUGCGGUGCUUUUUUUUUCCGCUAUCGCUGGGACAAAAGCCCACAGAAUCGCUUCAUCAUCGCCGCCCCUCGGUUUAAAAUGCCGGCCAUUGAGGCCCCGCGCGCUGCGCCACGCCGCAGAAGUGGCACCAAAUGUGAGCCUGCUCUCGGAUUAAUCCUGUUAAUCCUGGCAAGGCGAUCCACCGCCCUUUCCGCGCCGAAUUACUGAGAUCCUGCCCAUGACCUUUGACUUUAUGGCCUUGCGCCGCGACUUCCCUGCCCUGGAAACAGAGGGGGUCUAUCUCGACAGCGCGGCCACCGCGCUGAAGCCGCGCGUG	797781	797781	NA	ET_sRNA_2	636	10.1371/journal.pone.0172783	NA
196	85	UCCCAGCGCAGGCCGGGGAAUCCCUGGGGGUUGAGGGGCAGUAGCCCCUGCGCCAUCAGCAGCGCGAACAGCAGCACGAUCCCCAACAGGUUAAAGGCGAGGAUGGCCAGCAGAUAGUGACGCCAGUCCAUUUCAUGGGGCGUCACGCCNGCACAGGCGCCACAGGGCGUUCUCCGUACGCGCCAUGGCGCGGUACGGCUCGCCGUCGAUCAGGCGGCUCAGCAGGCUGCCCAGCGGUGGGGCCAGAAUCAGCAGCGGCAGCAUCAGCAGACCGAUUAGCAUCAAGGCAUGGGUAAACAUCAGAAGUCCUCCGCAUGCCACAGUGCAUACACCAGAUAAACCAACAGGAGUAGCACCAGUACGGCACAGGCGAUCAGUCCCAGCGUCAUUUUUUAUCUCCUUUAGCGCGAUGACAGUAUCAAGAUAGGCGCUCUCGGGUAUAAAUGAGGCAAAAAGCGGCGUCAUCGCUGUAAAAAAAGUAUAAAAAUGGCGGGGCUGGCGUGGGGCGCGCCGUGCGUUAGAUGCGCGGCGGGAAAGGGGAGGAUAGCCAGGAGACUCUCGCCCAUGUCGUGAACGCUCGUCACGCCUGACGAUGCGCCAGCGCGAUCGGCAUUAUCGUUGCUGUCCUCUAUCGCAUUGCGGCGUACGCUGACGCAACAAGUGGUCGGAGGUGUGCUUGAUCUUUGUGCGCUCAGGGGCUAUGUUGGGGCUGUUUCGGCCACCGUUUUCGGCCGUUUUUUGACGCUCCCGGCGCCGGCGCCAGCGGACGUAUUUGCAAGGAGGUCACGAUGUAUCAGCGCUAUUCCUGGCCGCGUAUCUGGCUGCGCCGCAGCGGCGUGAUUCUGGUGGGUACCCUGGCCUUUCCCGUGAUGCUGCUGCGUCACGAUCGGGCACGCUUCUAUAGCUAUCUGCACCGGGUCUGGUCGAAAACCAGCGACAAGCCGGUGUGGCUGGCGGAGUCAGAAAAGGUUCGGCCCGACUUCUUCUGAGCCCGUGCGCGUCACGAUACCUGGCAAACCCCAUUCGGCAAUCUACACUUG	797781	797781	NA	ET_sRNA_3_rev	636	10.1371/journal.pone.0172783	NA
197	86	UAAGACCCGCCCAGAGGGUAUGCCGUCGCUGUAUACCCGUUAGGUCACACCGCUCACGACAUCGUUUACCCGGCAGUCGAUAUCCUGAUAUACAUCCGCUGNCCGGGCCAACAAACGAAGGCUCAGAGCGACGCUCGGUAAUGACGCUUAAUACGCUAAUUUAUACAACAUAAAAUAACAACACGGAAUAUAAUAGAAGAAACCACACAACAGCCAUGUAAUAAACUGAGAAAACCAAGCCAACAUUAAACUAAUUUUUAUACUAUUGCACCCUCCAGCUUGACCAUCAUCAAAUAACCUAACAGUUUAUCUAUAUUGCUAAAUUCACGACAAACACAUUAACUCUUUUUAUAUAUUACACCUUACCUACCUCAGCGCGGCGAAUUAACGCAAAUCAAUAGUCAGCAAUAGCGCACUAAAUCAAAUGUUAAGUGUUUUCCAAAGCGCAAUGCACCAAUCUCAGGGUUUACAGCAUGAAGCAUCGGUCAUAGAAUCACUUCCGGAAGAUAAAAAGCGUUAAAUCCAAUCAGUUAUAAAUUAAUCUAUCGUUCCUUGCGGGCACCAGGGACGAUAAUCAACGCCUAGAAUGUAAAUGCAUCAGCUUUUAUAAUCAAACUGGCAGAAUAAUUCGAUUGUCCAAUUCCUCUUCCUCUCACUCACCGUCGCAGACGGCGAGAGAACUCUUGCGUAACGAUAUUCCGCCGCGGCGUCUUGCGCCGUCAUGCGUUUUUUGACAGAGAAUGGUAUAUUAAAUGAAAUUUAACACUUCCUGUGCACUGCUGGCAGUCACCUCCUCUUUAUUCCUUUCCGGCUGUAUGAAUAAUGCAGACCAAUACGCCGCCGAUGUCUAUAAUCCGACGCAGCUAAAUCAGAAGCAGGAGAGUAAAACCGUCAAUAUUAUUUCUAUUCUGCCUGCUAAGGUUGCUGUAGAUAAUAAAGAGAACAAAGAGAUGGCUCAGACCGUCGGCGCGAUCCUGGGCACCGUUGCCGGCGCCGCCGGCGGCUACAACCUGGGGCAUGGUU	797781	797781	NA	ET_sRNA_4	636	10.1371/journal.pone.0172783	NA
198	87	GUGAGACCGGCUCCGGCACCCGCGAGGUGGUUGAACAUCUGCUGCUUUCCNCAUUUACCCCACUUCGAUCUGGUGAUGGAGCUGGGAAACUCCGAGGCCAUCAAGCAUGCGGUGCGCUAUGGCAUUGGCAUCAGCUGCCUGUCGCGUCGGGUGAUCGAGGAGCAACUGAGCAACGGGACGCUGGUCGAGGUCGCGCUGCCGGAGAUCAACCUGCAUCGCUCACUGUAUCUGAUCCACCACCGCCAGAAGCAUAUCUCCAAGGCGCUGGCCCGUUUUCUGAGCUACUGUCAGGCGUAGCCUCUGCGACGGCGGCAGCAGAGGCUGCUGCCGUAGCUUAUUGUGAUCUUUGUGUAUUUUUAUUGCACACUCGAUUAGCCACUCGCUAAUAAUCCGCCAACCAUCAUGAAGCUCUCUUAUUAUCGUUAGAUUGUUACUUCCCGCCGCAGAUGGAUUUGUUACAAUCCCGCCUGGUUUCAUGAUUCAACGCAAAACAACGAUAGGGUUCUAAUGGCUCAGACAAAAACUACCGUCCCCGACGCGGGACAAGGACCGGCGCUGCGCCGGGAGUUAAAAGCGCGGCACUUGUCGAUGAUCGCUAUCGGCGGUUCUAUUGGUACUGGGCUGUUUGUCGCAUCGGGCGCUACGGUAUCCCAGGCCGGCCCCGGCGGUGCGCUGUUGUCGUAUAUCAUCAUCGGGAUGAUGGUGUACUUCCUGAUGACCAGCCUGGGUGAGCUGGCGGCGUUUAUGCCGGUGUCAGGUUCGUUUUCUACCUACGGCUCACGCUACGUGGAAGAGGGCUUCGGCUUCGCGCUGGGCUGGAACUAUUGGUAUAACUGGGCGGUUACCAUCGCCGUCGAUCUGGUGGCCGCACAGCUGGUGAUGGGCUACUGGUUUCCCGAUAUUCCCGGCUGGAUCUGG	797781	797781	NA	ET_sRNA_5	636	10.1371/journal.pone.0172783	NA
199	88	ACGUUCGGCGACCUGCGCCUGGGUCAGCCCCGCGUUUUUGCGGGCGGCGAGCAUUUCAUCGAGUAGGGCGUAUUCCUCUUCGAUGGCAUCGUAUUCUGCUUNUAAAUGCCGGGUCUUCCAUCCAUUUUGCAGCCAUUUCAUCAUGCGUCAUCGUGGGGGGGGUGCGUUUACCAGCCAUGUUUUACCUCCUUCAUUCUGGUUUCAGCCUUCUUACGUUCAGCGCUUGGCGUCUUCUGGGUUUUCUUGAUGAAGCUGUGCAGCAUGACGAUACGUUUUCCGGUAAGAGUGCAGUAAAACACGCGGGCGAUGCCAUCACUGCCUUUGAUUCGAAGCUCAAAAAGCCCAUCGCCAAAAGGGCUUGUGUGUGGUUCUCCGAGAUUACUACCGUAGAUUUCCAUGCGUUCAACGAGAUGCUGGUAUCGAACCCGCAUACCCAUUGGCAACUGAUCGACCUCAAGCCGAACCUCUUCGCUGUAGUACUCAAUAGUGUAGUUCAUGGAGUGAAACAUAACAAUAUUGUUAUGUUUUCGCAAGUUCUUGCCCAUCGGAAUUGUGAGCGCUAGAGCGUAGUGGCAGCGGCAACAUCUGUUGCUGGGAUUGGCGUCCUGGAAUGGGCGGUUUUUAAGAGCAUUAGGAAAUAUAUGCCACACACUGUUCCAAGGGGAUGGUUAUUGCAUUCCUAUGAUUUGUAAGUAAAGUAUCAUAAAUCGGAAUUAGUUUUACCCGCGAUGUCGGGGGUAUAGUCCGCUCAGGUGCUGAAAACACCUCAACGCGGCCUCCGCACCCGAUAGACUUGCGGUUUUUUUGUGGUCAUUUUUUGGAUAUGGCCGAGUGUGGGCGAAUACAAUACCAGCGAUGGGAAUAAGCCCGCUUGACGUUGACAAGUUUUCAGCACUCGGCCACCCGAGCCGUUCGGGUACCGGGAAGAUCG	797781	797781	NA	ET_sRNA_6	636	10.1371/journal.pone.0172783	NA
200	89	UGGCGCGACGCCUGUAAGAUCUGCGUACUGCAGGCGCUGAUGCGAUCGCGCUCAGGCAGGGCGUCGCUGUGGGCCAGCCAUUGGCCGGCGACGAAGUUUCGCGCCUGGGCAUGCUGAGAGAGAUGGCGCAUAUUGACCACCAGAUCCGCCNGCCGUCUGUAACGGGGGAAACGCCUGCGCCUGCGGCACAUCGCACUGAUAGCUGCUGCGCAGCGUCUGCGGCACGCUCUCCGUCGCCUGCGGGCCCGCGCUGCAACCGGCGAGCAGACACACCGCCAGCAGUGAAAGAUAUUGUUUCAUCACAUAUUCCUCGCUAGGUAGGCCGCGAUAAUAGCAAGCGUACGCCACAACUCAAUGUCUACGGUAAAAUUUCCCGACGCAAUACAGGACGCCCCCGUUGCGCAAGGCGAUCACGUCCGUGCGCAAAAAAAGAGACAGAUCGGUGAGCUGUAUCACACUCGACCGCUGGAGAUUCCGCUAUGUUUAUUUCAUCCGAGGCAACGAAAGGAGUUAAAUGGCACAUUUAAUUACGUUCGUGACGGCAGUGAGUUGUAGCACCCAACGGACCCUCGUCUUGGCCAGCCCGGAAUAUGCCACUGAGUAAGCGGCGCGGGAUUUCUGCCUCGCGGUGGUCAUGCCCUUAAUAUGUAGCACUCAAUUAUCUGAGGCCUCAUUCGUGAGGCCUCUUUACGUUUUUAUGCGCGAGUUCACUCCCGCAUUCCCCGCGCUUAGCACAGCCACUCACCGUAUUAUUCGCGAUGCCCCGCUUCCCCCCUGCCGCGCUAGCGUCUCUCAGCUCAGUCACCGCAUAGCCUUCGACCACGGCGAUAUCGACACGCGCGAAAAAAUAAAAGCCCGGCACAUCCCGGGCUUUUAUUUAAAAUACUUAUUCUGACGCGCCGCGUUUAUCUCUUUUCUCCGCCCGCCUUUCCUUCAGCGUCUUCUCUGCUUUUUUCUUGGUGGCCUUAUCCUUUCCUCUACUCAUAAACACCUCGCUUA	797781	797781	NA	ET_sRNA_7	636	10.1371/journal.pone.0172783	NA
201	90	UAGCAGAUCGAUAAAUUCGUUGCGCUCGGCGUGCAGGAAUGACCAACCGUGCUGAAUAUGACGCAGCAGCGAGUGCGCCUUGUACUGGGUGAUCACCCCUACGCGGCGCAGACCGGAGUUAAUACAGUUGGAAAGGGUAAAGUCGAUGANUGCGAAAACGACUGCCAAAAUAGACUGCGGGUUUGGCUCGGCCGUCGGUCAGGCCAUUAAGACGGGUUCCCCGUCCGCCGGCUAAUACCAGCGCCACCGUCCGUUGGGUUAAUUGGCCGAUAAGAGCAAUAUCUGUAACGCUAUGAGUCAUGGUCACUUCCUUUUUGACAAUUCCAUAUGCCGCCCCGCCCACCGCCAGGCAAGGGAAAGCGCGGAUGGCGCCUGUCAUCCGCAACAACAGUUUGGCGAUCCAGUAUUAGCGUACUGCGGUGUAAUAAUAACGGACAUCAUUGAUAUAAAUGAAAUAAACUGAAUGCUUAUUUAAUACCAAAAUAAUACGUUAACUGCUCAUGUCAAUCACACACUGAUCGAUAAUGUAAACGCACUCUUUUUUAAAUUCAACGAGAGAUUGUGCUAUUGCGCAGGAUGCUGGAAUAAACGGGUAGCGCAAAAUAUUACUUAUAUGGAUAACAUCUGCUAAAUUAGCGUUAAAUUUGAAAGUGGAUAUAUAUUGGUAUUAAGCUGGGAUAGGUUGAUUUAUAAGGGGGAAUGUUUUUUCUUAGCAUAAAAAACGGAAGUUGCAAAUAAAUCACGGCCGUUUUUUAUCGGCCGUGAUUUAUUGUUUUAGCCGCUAGCCCGCGGAGACUUUUUUACGGCGCUGGUCCAAAUCUUUUAUCAAUCGAUUGAUUUGCAUAUUAUUAAACAUAUCCUCAAGCGUCAUGUUUAGCUUGCGGCGCCAGUUCGGGUAUUCAUCGCAGGUGCCGGGAACGUUGACCGGCGUCGCCAUGUUCAGCCAAUCCUCCGGCUGCAGUCCGAGCAGGGCGCUGGCGCUGUCGGCGACGUAGCGUUGGAUCCCGCGGCUUAGAACGGGUGUCAUCGCCAUACGGUCCGCGUGCCGUCCGCUGCGCUGCGGCAGGCAGCCGUAGUG	797781	797781	NA	ET_sRNA_8_rev	636	10.1371/journal.pone.0172783	NA
202	91	UAAUGUAUGGCAUAAUUAAACGUCACAACUCGUAUCACCUACCGAUGGGUNAAAGCGUGCACCACCGAUACACCUCACCAUCAAUGAUGUCAAGGCGAUUUCCCACGUGAUUAGAAUAAUGUUAUUUUUCACCCACCCCUCUGCACAAAUUAUUCCGUUUCCGCAAAUCCGAAUAAACCGCUGAGCGAUAGUCGCCCUCCCAUCCGCGUGAAAAAUCACAUUUUUUGAAUAAUUACACUACCAGAGCACGAUAUGCCGCGUAUCACUGACCAACUACGCCCGGCAGGACCGGGCAUUUAGCGCGCUAUCGAUGUUUGCAACGAUGUAAAGGCAUGGAUAUUCAAUUACUGAUAACGCCCUCUUUAAGUAUUCCCAUUCAACCCGCAAGGCGAAUUAUAUAAAGCGUUCUAUCUUUUCUAUUCUGGCCGGUAUGGCCAUCAUGUCACUGGCCGGAUGCCCGCAUCAACGCCCAUUGCCACCCAUCGAAACGGCUGUAGAUAGCCAGUAUUAACAUGACAAAUCAUGCAGUGACGUGUAAUGCAUCGCAGAAAGCCCCCGUAGACUGGGCCAUUGGAAUUAAGGGUAAUACACAAGCCAAUGGCGCCAAGGUGACUCAGAACCACCAUCCUGAUGGUUUUUUUUACUUUUAUCGUUACCAGGAAUCAGCCUCAGGUGACUCAAGCGGCCAUCCUUUAGGGUGGCCGCUUCGCAUCUAUCGCCGCUUUUUAAGCGAGAGACAUAAAUUAACGAUAAAGGUAGUUAAUCCAGGGUAAACAGAUAAAUAGAUAUGCCAACAGAUUGACCAGGCCAAAUAUGGCACCCAGCCGCCAAAAGUCUUUAGAGGGAAGAUAGCCGCUGCCGAAAUAGAUUGGGCUUGGCCCCGUUCCAUAGGGCGUGAUAAUCCCCAUGAUCCCCAAUGACAGAGAGAUAGCCAGAGAAA	284289	284627	NA	ET_sRNA_9_rev	636	10.1371/journal.pone.0172783	NA
203	92	CCUUGAUAUGCCCCCUCAUCGCGAUAGCGGCUGAGCGAGAAGCGGCAGGCGCCUAUCCUGCCGGGAUAACCGGGAAAAGAGAGCCACGUAACGCCCUGAANUAAAAUCCGCAUCAUCCCCCUGCUCGGCCCCAUCGCGGGACACUCGGGGCACAAUACUGCCGGAGGAAGAACGCAUAAAAACCUCGUAAUGGGUAAGACGUCAUGGAUAUCGCCCCCCAUAGUAGCAGCGAAGAGCACCCGCACUCACGGUCGGUGAGCGCCUCCGAUAUCAAAAAAUGAGCAAAACCGAUCGAUCCCCGAAAUAUCAGCGCGCAGUACAACGCGGAUGUCAUGCUCGGCGGUGGUGCUUCCCUCUGAACGAUAGUAACCCAGGUUGUCUUCGACAUAUUGAACGAUGACGCGCUGCGAUCAUCCGCGAUGCGGCGUGGACGCUCACCCCGCCUUUGCCGCCGUCAAUACCUGCGACACCUUAGGCCGGCGCAUCGGCGGAAUAUCCAUCAGCGAUGCGCCGUUAUCUCGGGGAUCGAUCGGUUUUGCUCAUUUUUUGAUAUCGGAGGCGCUCACCGACCGUGAGUGCGGGUGCUCUUCGCUGCUACUAUGGGGGGCGAUAUCCAUGACGUCUUACCCAUUACGAGGUUUUUAUGCGUUCUUCCUCCGGCAGUAUUGUGCCCCGAGUGUCCCGCGAUGGGGCCGAGCAGGGGGAUGAUGCGGAUUUUAUUCAGGGCGUUACGUGGCUCUCUUUUCCCGGUUAUCCCGGCAGGAUAGGCGCCUGCCGCUUCUCGCUCAGCCGCUAUCGCGAUGAGGGGGCAUAUCAAGG	1443879	1444365	NA	ET_sRNA_10_rev	636	10.1371/journal.pone.0172783	NA
204	93	CAAGUCGUAAAAAAGAAAAUGCGCUACGGGGAACAAUAAAAACAGCGCGGGGGUAGCGUUGCCGGCACGCUUUCGGCGUGCCGGCAGCGGUUGUCUGCAUGCACGACGGGGCCAAUCACCACAACAAGCCACCAUGCAGGCACGUACGCCCAUUCGAUGGGCGUUCCGCCGUCCGG	259636	259811	NA	BTH_s1	57975	10.1186/1471-2164-15-385	NA
205	94	UGUAGUUGAACCAUUAAUCCCCGGCCCUAUAGACGCAACGCGUCACCGUCCGCCGAUACCUGCACGGCCUUCUGACGGUUGUUUGUUGUCCUAGCCAGCGCCCAGUCGACGCUGGUUUUUUGCGUGGGAGCCUCGCGCGUCCGCCUGCCGCAAGUGCAGGCCCUGUUUCGACGUGGCUCCGAACGGUACUUAUACCGUUUCUCCGAUACCGAUGCGGUCCGACCAAGACGCUCGGUGUCUUGAUUCCGCGGCAGCGCGCCAUGUCUCGCUUCGAGCAACGAGCGAGCCGCACGAAUCAUGUCCAUGGA	1728296	1728603	NA	BTH_s13	57975	10.1186/1471-2164-15-385	NA
206	95	AACAUUUACAUGGUUUGCACGCCCGAUUCUCGCAGGGUUUGUUCGUGUGCCAAAGGUAGCCGGUUGCCGCGUGACGAAGGGAACAAAACGACGAAAGAGGCGAGGCCAGUGAUGCGGCCGACGAAGAUGGCGUUCGUGCUGGCGCUCGCUUG	2372766	2372917	NA	BTH_s19	57975	10.1186/1471-2164-15-385	NA
207	96	UCAGGAACCGUCGUGGACAGUAGCAGCACAACGUCCGCACGCCGCUUCGCCUGAACGCCUGCCGGCCGAUUGCCGCCACACGCGUUCGUCGGAACGCGUGCGAUUUCCCGUUUCACACAAUCGCAUCGA	1778091	1778219	NA	BTH_s36	57975	10.1186/1471-2164-15-385	NA
208	97	UAGGCAUUAGCCAGCCACAACGGCUUGCACGCGAGUCUAGACCCCUUCGUGCAAACAUAUUCAAGCAGCCGUUGCAGCAAGCCAAGCCGCUUUUU	2477692	2477786	NA	BTH_s39	57975	10.1186/1471-2164-15-385	NA
209	98	GUUGCUUCCUAAUGACAGGCGGCAGCGUCAGGCUCUCUCUCUCUCGCCGACGAAUUCAAAUAAUUACGACGUAUCCUUCGCGCCUUCUGGCGCGAUUUUUUUA	4451914	4452016	+	sRNA-Xoo1	360094	10.1186/1471-2164-12-87	NA
210	99	AGGCGAAGUAACGCCAUAGGCCGCAACCGGACGCAGCCACUGAGCGGCGGACUACCUCGUCGGGUCCGCCGCUUUUUU	3205976	3206053	+	sRNA-Xoo2	360094	10.1186/1471-2164-12-87	NA
211	100	GUCCGAUGUCAGUCGGAAGCUGUGCCACUCAUUGUCCACCGGGCUUGCCCCGGUUUUCGAAGGGAUCGCGCCUUGUGCCCGAUCCUUUUUUUG	250669	250761	+	sRNA-Xoo3	360094	10.1186/1471-2164-12-87	NA
212	101	GAGUGAGUCAGACACGAGGCAGAUUUGUACUACGACCGAGUCUUGUUUCUGGCUUCAAGGAAGACGGACGCGUCGCCGCAACCCUAGAGGCGGCAUCCCCCGCGUGACGCCCUUUCAGGCACCGUCGUGACCGGAUUCCUUGUCU	4955974	4955830	-	sRNA-Xoo4	360094	10.1186/1471-2164-12-87	NA
213	102	CUAUGCAAGCAAACGCCUUUCAGCACGACACCAGCGCCGCCCGGAUGGCCUCCGGCAUGACAUCGCGUGCCCGCCGACCGGAAUCCCACAUUUUCGCUGGGUAAGCCGGGGCGUUUGCUGUUCC	2045785	2045908	+	sRNA-Xoo5	360094	10.1186/1471-2164-12-87	NA
214	103	AAACUCCACACACAGCGGCACCCACCUCCGAGUUUUGGUGGGUUUUUUGUGUCCGGCCAAAAGGCUUGGCACGGCUCGGCGUUCUCGCGCCGGGAGGGCGGCGAAUACAACACCCGCAAGGGGAAUAAGCCCGCCGGCUGUGUGCGGUUUCUAGCCUCCCGGCAUCCCGCUGCGUUGUGCAGCGGGAG	5217958	5217771	-	sRNA-Xoo6	360094	10.1186/1471-2164-12-87	NA
215	104	CACGAUGGAUGGCCCGGACAAGCUGCGCAUCAAACUGCCGAUGCCCGAAGGCGCGGACCGUUUCAAUGCGGCACGCGGCCUGUUGGCAGCCCUGGCACCGGGCUGAAGCACACAGGUAACUGUCGCGUUCGAUGACGACACCGAGCACGACCUCAGGCCUUGAAUAACGCACAAGCAGGUGGGCAAUCACCUGCUUGUGUUCGCUGUGGCACGUCAUGAAACACGCAGUGCCUUUCGCCAUGCGCCGCAAGGCGCCAUGUCAAGAAAGCGCUGUAUUUCAUCGCUAAACCGCGCAUGAAAUGGCGAAUCGCUGCUCAAGCACUGAUCGGCGCCACAGUCAUUUGUCCUGUGGACUGUCCGGGACA	1379160	1378796	-	sRNA-Xoo7	360094	10.1186/1471-2164-12-87	NA
216	105	GCCAGGCCGACUAAGGAGCGUCGGCCGCGUCGCUACGGUGACGCAGCCCGUCUUGCCCCGGAGUCCGCUUCGGGGUGCAUUGCCAUGCCAUGUCAUUUCUGCCGGAUCGGUGCCGAUCCGGCAGCUUUUGUAACAGCGUGACCGGGUGAUGACAGUUUCCGUCACGCGCGACUUGUUAAAAUACUGAUAAUCUCAGCGGGCCAGGCAGUCGAUUCAGCGUCUGUCUGCAUUGUUCAGCCAGACUUCGCAUAUGACCCAGCAACGCACGCUCAAGAACACCAUUCGCGCCACCGGCGUCGGCCUGCAUAGCGGCGACAAGGUGU	1067954	1068276	+	sRNA-Xoo8	360094	10.1186/1471-2164-12-87	NA
217	106	ACCUCGCCCACUUCCCUUAGCUUGGGAGCAGCAUUCGAACCCUUCG	NA	NA	NA	AbSp_4	1064539	10.1186/s12864-020-07212-7	NA
218	107	GGACCACCAGUACCGCUCCGAGGGUUGUGGGCUAGGGUAAGGCUUGA	NA	NA	NA	AbSp_22	1064539	10.1186/s12864-020-07212-7	NA
219	108	CGUCGGCAUUGCUCAAAGCCGAGCCCAGCAAGCAGGUCGGAGGGUG	NA	NA	NA	AbSp_13	1064539	10.1186/s12864-020-07212-7	NA
220	109	CAGUCAGUGGCGGCAAUCCGCCGUUGCCGCUGGCCUCGUUGCAACAGCAACCGUUGAUAACGUUACCGG	NA	NA	NA	AbSp_153	1064539	10.1186/s12864-020-07212-7	NA
221	110	AGUGCGAAUAGUUCGCGCGCGAGAUUGGUUGACUCGAUGAUCG	NA	NA	NA	AbSp_459	1064539	10.1186/s12864-020-07212-7	NA
222	111	AAGCAGUCCAGCGUUAUUAGGGGUCCCGGCUAUUAGAAUCUGAGAGCCCUCGACAG	NA	NA	NA	AbSp_460	1064539	10.1186/s12864-020-07212-7	NA
223	112	CGCGGGCAUCGAGUCGACCUAUCUCGUGGUCUGAUGCUUAGAC	NA	NA	NA	AbSp_461	1064539	10.1186/s12864-020-07212-7	NA
224	113	CUACCCACCGGCUCGCCAAAUUCCGAGGUCAGAACUUUUGACCGCACCCCCGUUGAGGUGGCACCCAAGCUUAG	NA	NA	NA	AbSp_462	1064539	10.1186/s12864-020-07212-7	NA
225	114	GCCUAAUCGAGUCAGCCAUCUCGUCGCCUGACAAUUAGGCGCACAGCGACCAAGCUCAGGUCGUAG	NA	NA	NA	AbSp_463	1064539	10.1186/s12864-020-07212-7	NA
226	115	GAUCAUCGAGUCAACCAAUCUCGCGCGCGAACUAUUCGCACUCCAGCCUC	NA	NA	NA	AbSp_464	1064539	10.1186/s12864-020-07212-7	NA
227	116	ACUGUUACGUUUCUGGCAGAGGAAAAGGCGUUAGUUUGUUCUUCUUUUACGGGAGCG	NA	NA	NA	AbSp_466	1064539	10.1186/s12864-020-07212-7	NA
228	117	ACACAAAAUUUACCUACACGCUUAAGAUAACAAACAAUAGUCGCCAAAC	NA	NA	NA	AbSp_465	1064539	10.1186/s12864-020-07212-7	NA
229	118	CUGACCUUGGGGUUUUGUAUAAGCCCUGUUAGUUUUAUGUGUGUCGGGAU	2013775	2013510	NA	LprA	446	10.1073/pnas.0911764107	NA
230	119	CUUACUGGCCUUGGCCUUCAGUAGAAGGUUGGGCUUGGUUAUUUCCAGUA	2022555	2022672	NA	LprB	446	10.1073/pnas.0911764107	NA
231	120	CUUAUGUCUGCUGUCUCUAAACUCAAACCUUCCGUAUUAAUGGUAAGCCC	978559	978676	NA	LprC	446	10.1073/pnas.0911764107	NA
232	121	CUGGUCCAAGACCAGAUUAUGCUAUUCGAUCUAAAAUCUUUCCUGUGUAU	3321618	3321516	NA	LprD	446	10.1073/pnas.0911764107	NA
233	122	CCUGAUACCCCUAAAGCAAAGAGCGCAAUGAGGCCAUAUCUCCAUUUUAUCG	3339400	3339350	NA	LprE	446	10.1073/pnas.0911764107	NA
234	123	CCCCAUGGUGUUAGUAUGUUAUAGACAGCAAGAUUGAGUGCAGUCCUGUU	951819	951673	NA	6S RNA	446	10.1073/pnas.0911764107	NA
235	124	AUUCAGGUAGGCAGUGUCCACCCUUGCUGCCUGGAAAAAUAAAAAGAAGGGGCACCAAACGGUGCCCCUUUUCCUUCAGAGUA	2062195	2062113	NA	Dsr1	243230	10.1128/AEM.03709-14	NA
236	125	UUGCCCCCACCAAGCUUGAUGGGGGUAACUGUUUGCGGUCUCCUGGGAGUGUGAAAUCAACAGAAUCCGCUGCCCA	139835	139760	NA	Dsr2	243230	10.1128/AEM.03709-14	NA
237	126	GCACUGCCCAAAGACAAGAGACGGAAAUUCAUCGACAGGAAAGAGGCAGUCUCCCCCGGAGCUGUCUUUUUUCCUGUCGCGUUGAUA	1628194	1628280	NA	Dsr3	243230	10.1128/AEM.03709-14	NA
238	127	GAAGGGCUUUAACCUCGGCGGCAAGGCCGGCCUGAAGUUCUUCUUCUAAGCUCCGCCGAGCUUUGAGACCC	1133980	1133910	NA	Dsr5	243230	10.1128/AEM.03709-14	NA
239	128	GUGCAAGACCCGACAGUGCGGCGAGGGCGGCCCGCCCGUUUGAGCCGCCAGGAUGGUCGCUUGAGGCGUCCUGGCAACAGGCGUCCCAGACAGAUGAUCAGGCUGCCCCAGGGCCAACCCUCUGGGGCAGACAGAACCCGGCUUACCGUUU	904857	905007	NA	Dsr6	243230	10.1128/AEM.03709-14	NA
240	129	AGCUAAAGACACCGACGCUGAAGGGCCUUCCCCACCGGGAGGCUCUUUUUUUGGCAUCCGUCCCUAUAGUUGAUAAAAAUACUCAACUUAUCUGCUAUACUCCGACGCAUGAAAGUUGCACUCCUCUCCCUUCUCACUCUGACCCUCGCCG	1678925	1679075	NA	Dsr7	243230	10.1128/AEM.03709-14	NA
241	130	CGAAGUAAGAUUUUCACUGACAAGCCCUGGCCUCGGCUGGGGCUUUUUUAU	1286420	1286470	NA	Dsr8	243230	10.1128/AEM.03709-14	NA
242	131	CUGGGACCGCCGGCUCUCGCCUGCGCUCCUCGGAAAAAAGACCUAUUGUUGCCAUGUAUACUUGUGAUUCACGUUCCGGCAAAGAACCCCUGUCCAACCCAUCCUGGUUGG	927210	927100	NA	Dsr9	243230	10.1128/AEM.03709-14	NA
243	132	AAAUCCCCUCCCACGACGGGGAGGGGGUUUUGACGUUCAGCGGGGCUCAGCGAACGGGGGU	1193480	1193540	NA	Dsr10	243230	10.1128/AEM.03709-14	NA
244	133	GAGGACGCAGAAGAACAGCCGUUGCCUGAUCCGACUGACGACUGAGGAGUGACAACAACCUGAGAGACAAAAACAGUGGCCCCGCGCGGAAGCCACUGUUUUGUCAGGUCUGAAGAGAACUGCUCA	2378628	2378503	NA	Dsr11	243230	10.1128/AEM.03709-14	NA
245	134	GCCGCGUGACCGCACCGACAGCAACACUAUGAGGAGGUGAAUCAUGAACCAGUACGAUCUCAACCUGAUCCUGAACCCGAACAUCAGCGCCGAACAGGUGCAGACCGAGAAGGAUUACAUCGAGAACGCCGUGCGUAACGCGGGGGCUGAAAUCAGCAACCUCGACGACCUCGGCAACCGUCGCCUCGCCUACCAGGUGGGCAAGGACCGCGAAGGCUACUACCUGAUGUACACCAUCAAGGCUUCGGGCAACCCCGAAACCGCCAUCGCCAGCAGCCUGCGCCUGCGCGACAACGUCCGCCGCGUCCUGGUGGUCAAGGACCGCCCGGAGUGGAAGACCAAGAAGGCCUGAGCCUUUUAUGUCAUUGACAUAAUUGACUCUGCUUGUUACUAUCUAGUGA	99987	100387	NA	Dsr12	243230	10.1128/AEM.03709-14	NA
246	135	GCAAUCAUCACAAGGUCGGGCCAUCAAGAUUCACCGCUCUGCCCGCGCAACCUCAUCCCCGGAUGAGGCUUUCGUCUGGAGGGCGGUUGAAGAGUGAAGGG	709907	710007	NA	Dsr17	243230	10.1128/AEM.03709-14	NA
247	136	GCCCAUAAACGCAUCCGGAUUUUUGCCCACUGGCACAGAGAAAACGGCGAUGGACGUCAGGCCGAUUAUUCAGGGCGCACGAGCCCGCGAGUUGCUUCUGUGCUGUCCGCCGAAUCCGAGCGAAACCCAAAACGAAAAAGCCGCCCUUCGCGGACGGUGAUAGAAAAAGAAUACCGGGGUAUUCAGUCUUUGUCAAGGCUA	2615779	2615579	NA	Dsr18	243230	10.1128/AEM.03709-14	NA
248	137	CGCCGUCCAGCAAACAAAAAACGCUGAACAGUCAUGCUUGAAAAUCCGCUUCAAAAGUUAUCCACAGUGAAACGUAGACCUGU	121930	121848	NA	Dsr19	243230	10.1128/AEM.03709-14	NA
249	138	CCCGCGUGACCUGGAGCAGCUCCUGCACCCGCACAAGACCCCCCGCGCCGUCUGGGACGGGGCCUGGGAACAAACCCAGGACCGCUGGGGCACGCAGUACGGCUAAGCGGGCGCCUCACAGCGCCUUCUGCUAUCCUGCCGGGCGCGGGGAAACUCCUGGUCGCGCCUGACCUGCUUUUUCGGCAGGGAAGGUGAGGAAAG	904627	904427	NA	Dsr20	243230	10.1128/AEM.03709-14	NA
250	139	ACUGUGUUCACGCUUCGGGCCGGGCACUCACUGUGGGCGCAUCGACAACCGGCCCGAAGGCGAGUCCCCUGUCCGGGUGAAGACAGGGGAG	2338974	2339064	NA	Dsr21	243230	10.1128/AEM.03709-14	NA
251	140	GCGCCUACGAGCAGGCUCCUUACAUCCUGGUGCCUGGCGGCGUGAGCUACACCUUCUUCCGCAGCAACCUCGUGGGCGUGACGGCGAACAGCUACAACCCCAUGACCGCGGGCACCCUGGGCGUGCUCUGGAAGGACCUGAGCAAGAAGUAAGCUCGGCGGCUCUCAGCUCAGGGGCGCGGCAGUGGGCUCAGGCAUGAGCCGCACCCUGGGGCAAAGGGACCAACAGCAGAUGGGGCGGGGGAGAAGAGGGUCCGGCCAGGACAGGCUUCUUCCCCGCCUCCUCUUGCUGAUUGGCGCUUGCCUGUGCCCGGCGUUUCACCCUUGCCCUCAGCUGAUUGGCGUAGAGUGACAAACUUGAGGCUUCUAUGAUCAAUUUCAUCGUCAGACGACUGAUCCAGA	364790	364390	NA	Dsr27	243230	10.1128/AEM.03709-14	NA
252	141	UUCUUUCUUAGACCUUUAGACCCUCUUCCCUUAGAACUUUUCCGAAGGAGCAUCAAAUGACGCAAC	714735	714670	NA	Dsr28	243230	10.1128/AEM.03709-14	NA
253	142	UUCGUUGCCCACACAACAUGUAGCGUCAGUCGGCUGACCGUAUGACUCCCAGACCGCUGCUGCCCCAUCUGCUCAGCCUAACCGACGCCCUCAGGCACGAGGUUUCUGAAAGACUUGCACUAAAGUGCAUGGCUUAGGACCAGCGUGUUCGGAGAGUAAAGGCCCUCUCGCCCCCGGUGUGCACCUGACAGCCCUCGUCCCGUGCGGGGGCUUUCGCUU	1948885	1949103	NA	Dsr30	243230	10.1128/AEM.03709-14	NA
254	143	AGCCGGGCGCAUAAGCCCCCAGAAAACAGUUCUCGAAUGGUCAGUGGCGCAAGCUGCUGGCCUUUUUUAUGUCCCGGUCAGCGUCAACC	1996601	1996689	NA	Dsr31	243230	10.1128/AEM.03709-14	NA
255	144	GGCCCUGGCACGUGCAGGGUCACCUUUAUCCAGAGUCGGCGCAGGGACC	1363038	1363086	NA	Dsr33	243230	10.1128/AEM.03709-14	NA
256	145	CCCGGGGUCGGCGUCCCAGUCAGAGUGAUCGCUGCCGGAAUCAUUCCAGCCCGCAUCGUCCCAGUCGGUGUGGGCGCUCAUGAUCGCGCCCGGCGUGCUUCAGUGUUUUGUCGAGAGCCCGAAGGCUGUGGAAGAGCGGGAGGCGUGCAGAUCUGGAUCAACAAUUGGACUCCAUGCGGGGCCGUUUGCCAGCCCCUUUGCGGUCACAUUCAGACGAAAACGGUUCGUGAAUAGGUUGUUCUUGUUGAUUUCGGUCAUCUACAACACCUCCUCCUUCGCAGGUUUGCCC	2208508	2208220	NA	Dsr35	243230	10.1128/AEM.03709-14	NA
257	146	CCUGGCCGAGCUCACCGGUCAGGACGUGCAGGAAGAUGUGGUGGACGCUGUGUUUCGCAACUUCUGCGUGGGCAAAUGAUGCGGCCUCAAGCGCUCCGGCGCAGGCGGCGUUCCAGCCAGUUCAGGGCGCGGCGCACGCUGCGGCUUUCGCGGCGGUCAUGAGCUUCCCAUGAGGUCAUGGCCUGCGGCUCGUGAAGGGCCUGUUCGCGCAUGAGGGCUUUGGUGGUGAGGUCGAGGUCAGACGAAUACAUGUC	1029203	1028950	NA	Dsr39	243230	10.1128/AEM.03709-14	NA
258	147	AAAGUCGGUAGCGAAGUGGGUAGACUCCAGGCAUGCCUCAAGUGUGGCAACCUAAUCGGCUUACCCGGCAACAACUCGAAGAACGUCGUCUCGCGGCGCAGCCCCUCCUGAAUAAUCCCGAGUGGACGACCGCUUCCAUUGCUGAGCAUUUUGGCGUCAAACCCAGUACUGUGCGCGUUUGGCGAGUUCGCCUCAG	1538050	1538245	NA	Dsr40	243230	10.1128/AEM.03709-14	NA
259	148	AGUACGUCGAACCGGGAAUGGAGUAGUUUCGGUGCUGUUCCGAAACUGCGGAAUGUUGGGUUCGACGUACUUAGCUCCCUUGCCCCCUACACUCUCAGAACUUGACUCUCAGGACUUGCCAUGACGAACGGCCCCAAAUAU	2598170	2598310	NA	Dsr44	243230	10.1128/AEM.03709-14	NA
260	149	UUCGCCGGGGCGCUUGGCCGCGACCAGCCGGAUCACGUCAAAGGAGUUACGCACGCUCUGGCCGUCCACC	301123	301054	NA	Dsr46	243230	10.1128/AEM.03709-14	NA
261	150	AAGCCGACACGAACUGCGCCUACAACGUGGCGCUGAAUCUGGCGAGCUUCCAGUAACCGACAGGCCAAAAACAGAGAGAGCAGAGGCGCCAGCAUUGGCCCUCUGCUC	454581	454688	NA	Dsr48	243230	10.1128/AEM.03709-14	NA
262	151	AGUACCGUAAGCAAAACGCUCUGGAGCCCGAGAAAGACGCCGAGAUCACCCUCAACUUGACCCCGCUGCUGUUUUUCACAGUCGGCUACGUCGCCAUGAAGGCGCUGCUGGGCAGCGUGCGC	1688729	1688850	NA	Dsr50	243230	10.1128/AEM.03709-14	NA
263	152	CGCGCCAUAAAAAAAGCCCAGCCAGCGGGCAAGACUUCAGGGGUGGGAAGGAUUGUCAGAAAAGAAGGCAAUUAACGGCGUUCGCGGGUGCGAACCGGGAUGGGCACCGGCUGUGGCCGUGGCUCACCCAGCCCCGUCAGGACGCCGCGCAGCCACUCCAGAAAUUCACUCAGACCUUUCACGUCCCCAGUU	1866869	1867060	NA	Dsr51	243230	10.1128/AEM.03709-14	NA
264	153	UCGGGCCGCUCUCUUGUUGAGAAAGUUCUCAAAGAGCCGUUGGUCGCCCUGCCCCACUUGACCAAGCGAAGAUU	2025845	2025918	NA	Dsr52	243230	10.1128/AEM.03709-14	NA
265	154	CGCUGGGGGUGACCCGGUUUCGACAGGGGAACUGAAGGUGAUGUUGCGUGUCGAGGUGCCGUUGGCCUCGUAAACAAACGGCAAAGCCAUUUAACUGGCAACCAGAACUACGCUCUCGCUGCUUAAGUGAGAUGACGACCGUGCAGCCCGGCCUUUGGCGUCGCGGAAGUCACUAAAAAAGAAGGCUAGCCCAGGCGAUUCUCCAUAGCCGACGGCGAAACUUUAUGGAGCUACGG	863318	863553	NA	tmRNA	243230	10.1128/AEM.03709-14	NA
266	155	CGAAAACUGUGCCCCCAAGCGCAGGGACACAGUGGCGACGCGGCGCAGCGCUCAGACACGCGGCUGGCAGGAA	1475301	1475373	-	Spr1	243230	10.1128/AEM.03709-14	NC_001263
267	156	UCACAGUUUUUUAUGGGGCAGCGAAAAAAGCCAGAGCUGAAGCAUCUCUUGACCCUCGCCCCU	1159362	1159424	+	Spr2	243230	10.1128/AEM.03709-14	NC_001263
268	157	CUGGAUGCCCCCUCACCCCUUUGCUUCGCAAAGGCCCUCUCCCGCAAGGGGAGAGGGUCA	1008097	1008156	+	Spr3	243230	10.1128/AEM.03709-14	NC_001263
269	158	UGGGCCUGAGCGUUUAGCCCCAACCCCAAACCCCUAUCCCCAAAGGGGACAGGGGCUUUAACGCUCCGCUGAGGAGGCUGGCGGUGAUGGCGCGUGGCGGGCAGUGUUCUUCCGUUGCACGUGCAGUCUGGACGCUCGUGAGUUCUACGGACGCGAGGCCCGUGCGCUUUCAGCGCCCGACGGCCCUAGCGUUCU	1718480	1718674	+	Spr4	243230	10.1128/AEM.03709-14	NC_001263
270	159	GGUGGUCAGGGUGAAACGGUGCGGUAAGAGCGCACC	904780	904815	-	Qpr1	243230	10.1128/AEM.03709-14	NC_001263.1
271	160	GGCAUCGGGCCCGGCGCG	153714	153731	+	Qpr2	243230	10.1128/AEM.03709-14	NC_001263.1
272	161	CCCCGCGCCCGGCGCCG	747854	747870	+	Qpr3	243230	10.1128/AEM.03709-14	NC_001263.1
273	162	GCCGCAGAGCAGCGCCG	1956907	1956923	-	Qpr4	243230	10.1128/AEM.03709-14	NC_001263.1
274	163	CCCUCUCCCCAAAGGGG	213117	213133	-	Qpr5	243230	10.1128/AEM.03709-14	NC_001263.1
275	164	GAACCUGGUCAGAGCCGGAAGGCAGCAGCCAUA	2231180	2231212	-	Qpr6	243230	10.1128/AEM.03709-14	NC_001263.1
276	165	AUGGCCGGGUGGCGCGCAGCUAUGCAAUACCCGAAAGGGGAAAACUGCGAGCGCCCUA	410075	410162	+	sRNA-Xcc1	314565	10.1186/1471-2164-11-316	NA
277	166	GCGUUCUCUGCUGUGAACGACGGUGUGCAAAACAUUCGCCUUGUCCCUUAAUUACGACCACGGGGGCGCGACGAAGCCGGGAGUGCAAGUCCGCCUUGUAGCGGGAAGCCCGACGGCCUAACAACGUCCCCACUUGAACCCCGGGUUCAAGGUCGUUUCGCACACAUCGUCAUGGCGGA	1085474	1085288	-	sRNA-Xcc2	314565	10.1186/1471-2164-11-316	NA
278	167	UGGCCCUGUCGGUCCCUCGCGACGCUAGAUCGAAAAUCCCGCCAGGGCCGGAAGGCAGCAACGGUAUCGAUUGAUGCGGGCGCCGAGGUCAA	3890134	3890025	-	sRNA-Xcc3	314565	10.1186/1471-2164-11-316	NA
279	168	GUCUCCCUGGUGAAAUUAGCGCUGUGGAACCACCCGAUCCCAUCCCGAACUCGGAAGUGAAACGCAGCUGCGCCGAUGGUAGUGUGGCUCAAGCCAUGCG	4632459	4632338	-	sRNA-Xcc4	314565	10.1186/1471-2164-11-316	NA
280	169	GGUGCCGGUUAAGGAUGCCACCUUUGAGUUCCAGCCGGGCUGGCCUGCGCUGACGCCGCUGGAUAUCAAUUUGGAUUUUGCCAAUAACGGUCUGUGGAUGUUUGCGCCGCAAAUCUGGCUGGGUAAGGUGGAAGGCAAAAAUAUUAGCGCGGUCAUUCCUGAUUAUGAAAAAGAGAUGCUGCUUAUUGAUGGCGAACUGGAUGGUCCAGGGCCUGAAGUGGGUAAUUAUUUUCAUCAGACGCCGCUGAAAUCCUCGCUGGGUACCGCGCUGGAUGAGCUGAAAAUUGGCGGGCCGGUGAAAGGCACACUGCAUCUGGAUAUUCCGCUUGUCGGUGACGAUGUCCGCGCCAGUGGCGAUAUCGCGCUGAAUAAUAACAGCCUGUACAUCAAACCGCUGGAUACCACGAUUAAUAAUCU	319740	320156	-	Rev_11	29471	10.1186/s12864-016-2376-0	NC_004547.2
281	170	UCCCCAACUCUUGAUUCUCAACCCCGAAUUAACCCCUGUCUGAUGUCGAUAGUGCGCGAAUAUAGCGGCGCACUAUCGGCUUUCUUGUUAGGUAUAUGAACGAAAAAUCCUCGUUUUUUGCUGAUUUUACGAACGUUAAUUUGAGGCGGAAAGGAUGAGUAGCGUAGUCAGACGAUUAACGGGAAUGCGUUAAAUAUCAUCCUAUUAAAAACUUCUUGUAGAAUCUCUCGCGAUAAAUAAAAAAAUCAGAGAAUAAUCUCUUUUUAUUAUUAGUCCGCUUAUGUUUAUUGGGAUUUUUCCUAAUAGACAUUAAAAUCGCGGCUUCACGGCUUCAUGAUUACCGAAGAGUUAUUU	439293	439646	-	Rev_13	29471	10.1186/s12864-016-2376-0	NC_004547.2
282	171	CCGAUGCUAAAGAUCGCUAUACGUCUUCGGUAGACAGUUAUCCUUCCGAUCAUAACUAUUUUGGCUAUGUGAAUGGGUAUGAUGAACUCAUUCUGAAAAAGUCGCUGCCGCCGACGUCAUUCAGCAUCGUGUAUGCGCUGCCGUUGAAAGUCCUGCUCUCUCAUAUCAGCGCAUUGAUGAUUAACAUGCUUGUACUGAAUAUUCUAUGGGCAAUUUUUCUGUUUGUGUUGGCUUUGGUAUUUGAGCGGAAAAUGCUGUUGCCUGCGGAAGUGAAUGCGUUCCAGUUGGAAGAGAAUGAGCAAUUCAACCGCAAGAUUGUGGCGUCGGCGCCAGUAGGGAUUUGCAUCCUGCGUAUUAAUGACGGCACGAACAUCCUCAGUAACGAGCUGGCGCACAACUAUCUCAACCUACUGACCCACGAAGACAGAUUACGAAUUACCCGCAUCAUUUGCAAGCAGCAGUCCAAGUUUGUCGAUGUCAUGACCAGCC	1367020	1367508	-	Rev_24	29471	10.1186/s12864-016-2376-0	NC_004547.2
283	172	AUCUUAUGGGAAUAACAGAAUUUUAUGCUGAUGUUCAUUUUCUGUUCCUUUCCGUUAUAGAUUACGCCCAACAAAAAACCCCCGACCUUUCGGUGCGGGGGUUUUCUUGAAUCAGGCCUUGAUUUCUAAGCCAUUCUUCGUCCAAGUGCAGCCCCGCACGGUGGGAUAAUAAUCACCACCACGCUAAUCACGACUAGGCUAAUCACUAGGGAUAGGGCUUUCAUAAUAGGUUGUUCAUUAAUCUUCUGUCGAACGAAUACCUACAGAGUUAUCACAGUCAGUCAUGGCAUGACAACAAUU	4732994	4733293	-	Rev_39	29471	10.1186/s12864-016-2376-0	NC_004547.2
284	173	AUGUACCUUUGCCCGCGCCGAUACCUGGGCGCUCUGGCAAGACAGCUUCCCGCAGGAUAAACCAGUCGAAAGUCUGGUUGAUGUACUGGCACUCGGCUUUCGCGGCUACCUGCGCUUGGCGGAUUACGCACCGCCAGUCAUACGCAAUAUUAUUCUGGCCUUCCUCAACAUCGUGGUGUGGGUCGUGUCAUUCAUCCCGCGCUAUGUGGGGAGACGCGCCGCAACAGAACAGCCGGGCACUGCGCUGACGGAAAAAACCGGACAUCAGGGCAAGACACCGUCUGUCCAUGAAACGCGAUUUGCACAAGAGAACCUGUUUACAGAAAAGACGGUGGCUUGAUUGCCAUUCACAGGCCGUGAUCAACGGUCUUUUUCCCGACAAAGAAAAAGACCCUUAACAUUGAUGAUGACACAAUGACGAAAAAAAUAAUCUGGUUCACCGCAUUGGCUUUAGGCGUCAGCUCAUUAUCUCAGGCUGUC	4895714	4896193	-	Rev_41	29471	10.1186/s12864-016-2376-0	NC_004547.2
285	174	UUAACUCUACCCUAUUUUUUCACGGGAACAAAGGCUUUUUUGUUGUUUACUUUCAUACAAAAUGGUUAUCGAUUACACAAAGUUAAACCAGGUCACACAAUACUGUUAUUUAAUUACAGAAA	28634	28755	+	Fwd_6	29471	10.1186/s12864-016-2376-0	NC_004547.2
286	175	ACUCUAUUUGCCUGAGUACACAAGUGCAAGCCUGCACGGUACUUUAAUGACAAUAAAGAUAGGUACAACGCACUUUUUUGCUGCUUUUUCAUCCAAAUAUGGGCUAGUCAGCAUAAGAUCAUCCCGAUAUGAUGCCUUAACAAACAAAUGACUGAGUAUAUCGGCACCAUGUCUUCAGAAAAAUCAUCGUUUCCAGAAAAACCACCGUCUUUCGAAAAACCGUCUCACAGCAACACCGCAGACCACACUCGCAGCGGCGUACACUAUUUUUUUGCCGGAUGGCGCUUGAUCUCUCUGCCGGGCAUCCGGCGUUUCGUUAUUCUUCCUUUACUCAUGAAUAUCGUGCUGAUGGGCGGCGCUUUUUGGUGGCUUUUCACCCAAUUGAAUGAUUGGAUUCCUCAGAUCAUGAGCCACAUUCCAAGCUGGCUUCAAUGGCUCAGCUACCUCAUUUGGCCACUCGCCGUCCUCUCCAUCUUACUG	998374	998853	+	Fwd_42	29471	10.1186/s12864-016-2376-0	NC_004547.2
287	176	GCUGCAAAAAUAUGCCGCCUUCCCCGACACCAUUAUGGUUGGCAACGUCGGUAAAGACGGCGACGGGAUUAAUAUGGCCUGGAAAGCCGGUGCCAAACCGGACGGCAUGGGUCUGCUGCAAGCCUAUCGCCCCGGCCUGCCAGACUAUGCGCCUAACUCUCAUCUGCUAGCCGCCGCGCGUCAGCCAUAUCUGUGGAUUGAUCAACACGGCCGCCGCUUUACCGAUGAAUCUAACGUCAUCAUCUGGCCACACUCCGGCAACGCGUUGUCAAAAGCGGGCGGCAUCAUGUACUCCAUUUUUGACGAGACAUCCCGUAAACAUUACGUCGAAGACGG	1015818	1016153	+	Fwd_44	29471	10.1186/s12864-016-2376-0	NC_004547.2
288	177	GAAUUAAAGUCGUUCGUUACAGCAUUAACCUGCAUGUAGGCAGUAACACAAAACGCUGUGCCGUCAUACUGAUGGCUCGGCGUUUUGUCCUUUAUUUAUGUCAUGGAAAGUAGGGAUUUACCUAUUCGAAAUCGGGCGCUAAUGGUCUGUAUUCCGGUGUUUAUAAGGCAGAAAUUCGCUUUUCCCGGUUUUCGUGAAACACCUCCCAUUGGCCUGUGAUAAUGACAUAUUUAAUCUGCAUUUCGACAGGGAAUGCUGGGCUAUUGCCCAAUGAGUUGUGAAAUAAGAAAACUUAUACUUUUGACUGAGGUUGGUAAGGCGGUACGGAUUAUGGCACCGCUUUCCCGAUCGUUUUAUUCCGGUAUCAAGGUAGUUUAUACCUGUUUUUAUUCUGAUAACCCUACAGGCAUUGUUCAUUUCAAAUCA	4017543	4017968	+	Fwd_72	29471	10.1186/s12864-016-2376-0	NC_004547.2
289	178	AGCGGGCUGAAGUCCGGAAGUUACAGGACAAUGGCAGAAGAGAGACGACAGCCCGCAAUUCGAAAAAGACCGCGCAGUUGCGCAGAGUGAUUACUAUGGGGUAUUAUUCGCCAGCUGAAAUAUUACUUCACGUUUUAUUGUUUAUUCCUUGCCGCCCGCGUCUCCCAGCGCGGGCUUUUUUU	NA	NA	NA	PapR	562	10.1371/journal.ppat.1005109	NA
290	179	UAACUAAACAGGAGCCGAGUUGUUGUAUUAUUGGAAAUCUUCUUUGCCCUCCAGUGUGAGGGGCUUUUUU	NA	NA	NA	C271	562	10.1371/journal.ppat.1005109	NA
291	180	GAAAAAUACACUUAAUAAACAAACUCAUAUGUUUAUUAAGUGUAUUUUUUAUGUUAGAUUCAUUUUAAAGUAACAAU	3804681	3804757	+	sCAC610	441770	10.1128/mBio.00340-10	NC_009697
292	181	ACCCCGGGUUGGUGAUCCCUACCAAGCAGUUCUGUCCUUAGACCUUUCUCUCUCCAUGAGAUAAAGUUUCCUAACUUCGUGAUUACCUCUUCAGAAAGGUCAAUCUUAUUAAU	12005	12117	+	CbSR 1	777	10.1371/journal.pone.0100147	NC_002971.3
293	182	AUGAAGAAAUCUCGGACAUCAACGGCCGAGAUUUCUUUCAUACUGAGGCGUUCAAUAGUAUUAAUACGUACUCGAAUUAUCACUGCCCGAUCGGCUAUCGCUUCUUUGCAUAUUAUCUUUUUGUUGAUCAUCGGGGUGGGGCGUUGUAACAGCGCCAUUUUGUCUAUCCUGAUGGGUGCGAUCCUGUUGUUGGCAAGCGGCCAAGCCGCCUACGAAGAACAGCAUCGUUACGAUUGUAAAUAA	75261	75503	-	CbSR 2	777	10.1371/journal.pone.0100147	NC_002971.3
294	183	GCCGUGAAAGCCCUCGAUUCUUUGUCUAUCGGUAGACGGCCUACGCACGGGAACGACGGACAUUUUUUAACUACUUGAUAUUCCCUCUUUACCUCGCUCCUUAAGUUGACGUCUAUGCGCGCAGGCGGGAAUCUAGCGCGCUUUCUAUCAAGGUUUGUUUUUAAUCCUCAUUCCCCCUGCCGCGGUGACGGGGCCUAA	481609	481806	-	CbSR 3	777	10.1371/journal.pone.0100147	NC_002971.3
295	184	CGGCUAUCUAUACAGGGAUACAUUAAUUUGGAUGUUGCGUUGGGGUUUGGUGCGGUCAAGUGGCUACAUUUGCGACAGAAUGGCAGGAACGAUCUUCCGUAACCGAUUCCCACCACGCUAUCACAAACAUUCCUUAAAGACUCUUGCGAGAUCCCUUCCCGCGCUUCCUUGAUAAGUUUUCCUUUUGCCUUCAUGG	544387	544582	-	CbSR 4	777	10.1371/journal.pone.0100147	NC_002971.3
296	185	GCCCCGCGCCAACCCUAAAAUUGAAUGUUAAUAAGACACUAGUAUAAACUUACUCGUUAUUUAGAGCGCCCGCUUGGACUUCCUCUAAAUGAAGUCCUGUUAGUUUCGCAAUCAACAAGGGAUCGAUCUGUGCUUGCAGCAUUUGACAGGCCAAGAGUUGCUUUUCUUCAUUUCGAAAUUUUUGUUCGAGUCUUUCAGCUAAGCUUCGUC	702095	702304	-	CbSR 5	777	10.1371/journal.pone.0100147	NC_002971.3
297	186	AAUCAAGCUGCUUUUGAUCAGGACCUUAACCAAAUAUUGAAAAAUAAGAACAGGGAAUAUUGGUUAACGAAAUGUAAAAAAUAUGAUGUUCCUGCUGCACCGGUACUAACGGUUUCUCAAGCAGCGCAACAAAAUUUUUUUAAAGGACUGAUUAAAUCUACCCGCGAUGGAAUGCCCGUAGUUACUCACGGUGCUGCCAAUUCAUUGUUUCCUUUUAAGA	727878	728097	-	CbSR 6	777	10.1371/journal.pone.0100147	NC_002971.3
298	187	UGCUAUUGGCGGAACGAGCGUGGGCUCUGUUGUCGCUGCGUGUUAUGCCAUGACUCAAGAUUGUAACGAGACGAUGAAGCUUCUUCAAGACCUGAAACGAGCUGCAAAACAUUCUUUCUCACUUAGGAAUUUGACGUGGCCUUUUAUCUCUUUGUUCAGUUCGCAUGCUCAAUUUGUUUUGAUUUAAUCUAUCCAUACUAGUCCAAUAAACGGGUUGCCCAAUGGCUAAAGCACCUCGAGUAAAGUCGAGUAAUUCUGUACUUAUACCAUUUUCAAACUCCAUUAA	866381	866666	-	CbSR 8	777	10.1371/journal.pone.0100147	NC_002971.3
299	188	UAAGAAUUAAUCCAUCUCACGUGUCUAAAUCAGCUUUAUUGAAGAUGGGUGGAAAGCCUUCGCAGUUCGGCAUGGAUGAAGAAAUCGUUUUUUCGAAUAAGAAUUUCUUUUUAAAAAUGCCUAACAUCAACCUAGUGGGUAUCCAUGUUUAUAACGGUACUCGAAUUUUGAAGGCCGAAACCAUUGUUGAAAACACAACUUAUAUACUCAAUU	973800	974012	+	CbSR 9	777	10.1371/journal.pone.0100147	NC_002971.3
300	189	CCUGCUUUGUUUACGUAGAUUACGUACAAAAUCUAUCAACACAAGUCGUUACUGCAACAUUGGCACGAUGGGCCUGUUACCGACGUCAUUGGUCCUCCCAGCAUCAUAUCUACUGGCAUCUCCACGUUUCCAAUGGCAACCAUUCCCGCUUCAUUAAAAGAAUUAUAAAUUAUAUAAUAUAGCCCUCAUAUUUCAUACUUAAUCACUUUGUUUAACGCUGCUA	1090006	1090228	-	CbSR 10	777	10.1371/journal.pone.0100147	NC_002971.3
301	190	GACAGACUAGGCUGGGGGAAAUAAUCAAUAAGACAUGUAAUAUGGAUAUUGCAAUGAUUGGCUGCUGUAAUGGUUACCUGAUGAGUUGCCUGUAAAGAUUGUCAGUAAACUCGUGCAAAGUAAGCCUGCAAAUAUAAUUACAACAACGCUAGCAAGUGCUUUUCUCAUUUGUCGAUCCUCCGUGAUUGUUUGGUUACACCUGAUGUCUAGUUAUGUCUAGCGUAGUUUAACGUCCUGUAAAACUACGAUCUUUUCC	1327797	1328052	+	CbSR 11	777	10.1371/journal.pone.0100147	NC_002971.3
302	191	CUGGAGGGUCUGCAGCGGGCUUCCUUGCCCAAAAACUUCAUCCUUGAUACACAGACCUUAGACUACCUCAUUACGUUUAGAGUACACCGAGGACUUCCUUGUCCACCAAGAUCCUAGAGACCUCAGCUAAACUACCUUGUUUAUCAGC	1403153	1403300	-	CbSR 12	777	10.1371/journal.pone.0100147	NC_002971.3
303	192	CGUCGUCCUCCCGCGAGGCCGUCUGCUGUAGUAUUGAAGAAUACAAAACCUUCACGGCCGAGUCGGGGGGACCCAGAUUAAGGAGCUAAGAAAAACACCGUUAGUGUUCUUCAAGCCCCUCUUAGCCGGGAUUCCCGUGACUUCGGCCGUGAAAGCCCUCGAUUCUUUGUCUAUCGAUAGACGGCCUACGCACGGGAACGACGGACAUUUUUCCAACUACUUGAUUCCCUCUUUACCUCACUCCCUUAAGUUGACGCCUAUGCGCCUGCGCGGGGAUGACGGGCUUUAAGUUUUUAGUCUUACCACUGU	1816997	1817305	+	CbSR 13	777	10.1371/journal.pone.0100147	NC_002971.3
304	193	GGACCGUGAGGACAGCAGUUUGUUGUUUGGCCCUUUGGGCAAAAAUUGAAUUCGGGAGGAUUAGUCUCCCAGGUUAGCCCGCAAUUCUUAUGAGUAACUCCUGUAACGGUACCCCCAUUUUCACAGCGAAGGUCAUCUCCCAAAGCUAUCGCAGUCAGCCCUAGAAGGACUAAGCUCGCUAUUAUUGCU	1838698	1838886	-	CbSR 14	777	10.1371/journal.pone.0100147	NC_002971.3
305	194	GCCAAUUUUUCCCUGCGGAUAACAUCCUGCUUUGAUUCGAUGUCUGCCUUUAGGAGGUCAGUCAUCUCGAUAUAGUGAGGAUUACUUGCUACUUUCUUCAAGGAAGAUUGCUUGGGUAAUCGUUUCAAUAGUAAUUUUAAGAGUGGUGUUUCUCCCGAUUCGAUUUUUCGCGCUUUAAGAUCAUAGUGAACGAGUGCAUAAAAUAAAUUUCCUGGCGCGUUGGCAGCUUUAACGUAUUUCUCUAAAUCC	1878295	1878543	+	CbSR 15	777	10.1371/journal.pone.0100147	NC_002971.3
306	195	GGCAACAAAAAACCGCCACGGCGCGGAGGCUGCGCCGUGGCGGCUCUUUGAAAGCGGGACAAAGGCCCGGAGAGGGGGAUGAGGCCUUUGUCCUCAUCUGGUGCGGGCGGGGGACAGGCCAAUCACCAGACUCACGGCAUUGUAUGAGUGCCGCUCGACAUGAUUUGUGGAUUGAAAUGUGGCAUUUCAAGGAUAG	201639	201834	+	smrC7	266834	10.1111/j.1365-2958.2007.05978.x	NC_003047.1
307	196	CGGCUUUAAGCGCCAGUUCAGAACCCUCCUAUUCUAGAAUCCGCGCGAACAAGCGACGGCGGCCUUUGCCUAAUUUCUAGUGCGCUGUGAAUUUUUGUUCCGAAACCGGAACAAAAAAAAACCA	1398397	1398274	-	smrC9	266834	10.1111/j.1365-2958.2007.05978.x	NC_003047.1
308	197	UAGGCCCCCAAGCCGGAUAUAAGGUUAGUAGCUAGCCCGUCGCGUGAGGAGGAGGGUCGCGCGGGCUAUGCCUAACCGCUGUGAGGAGGAGGGCCAACGGUUAGUCUAGUUCGUUGCGGGCGACCUGGAGGAGGGGGUCGCCCGCAACAAAUAAAGAC	1667641	1667484	-	smrC14-	266834	10.1111/j.1365-2958.2007.05978.x	NC_003047.1
309	198	GGUAUAGAAAAAGUCGACCACGUAGAUCGCCGAAAGAGGAGGGGUCGGCGACGUCGUCGACAAGGGGAGACCUCCAAACUUUGGAAGUGUUGACUUUCCCGGGUUCAAAGAACACCGGGAGAAAAAAACAGCCGU	1698744	1698610	-	smrC15	266834	10.1111/j.1365-2958.2007.05978.x	NC_003047.1
310	199	UUUACUCGUCGCUACGCGUUUGCCGUACCGACAGUACGUAUAAUUUACUAACGGCUAUCGGGUUUUUUCGUCGUAUGGUGUGAGUCGACUACGUAGAAACCACCGAAGAGGAGGGUCACGGUGGCGUCGUCGACAAGGGGAGACCUCCAAAAUUAAUGGAAGUGUUGAUGUUCCCGGGUUCAAAAAGAACACCGGGAGAAAAAAACGGAC	1699021	1698812	-	smrC16	266834	10.1111/j.1365-2958.2007.05978.x	NC_003047.1
311	200	GAGAUAUAGACGGUCCGCUAGACGCGAAGGGCUGUCCUUGGUGUUAGGGGCCCCGGUAUGUGCUAGAGUUCCCCUGACAGGGACCGGCCUGGGCACCCAGGCCCGUAUGCCACGGGUGGAUGGAUCAUCCAUGGGCCCUAGCAUUUAG	2972265	2972118	-	smrC22	266834	10.1111/j.1365-2958.2007.05978.x	NC_003047.1
312	201	AGACAACAAAAAAGGCCGGGGCGAAACCGCACCGACCUUCCUCAUCAUCGCUUACCAAACCAGUGCCAGUACAUCCGUGGUCAAAAGUCGAAAACGAUGCAGCAAUUGCGAGCGGCGAGUUAUCAGCGCUCAUAAGCAAUGCCG	577732	577875	+	smrB35	266834	10.1111/j.1365-2958.2007.05978.x	NC_003078.1
313	202	UUGAUUGGGGAGGUCAGCGAUAAGGCCGGUUGGCCCUUUACGCUCCUGUAGAACUUCGUUGCUGCCACGCCCGGAAAGACCACAGACGGCCGAGAGGUUGUCGGCCCCAAUGACUUCUCCGUGUGGAAGUAACGGCCUUCACGCCAACCCAAUAAGGGAGGUUAGGUACCGUCUGUUUCGGCUUAGGAUCGGAAACGCCCGAAACU	3105374	3105169	-	smrC45	266834	10.1111/j.1365-2958.2007.05978.x	NC_003047.1
314	203	AUAGACCGACAACUCCGAAUACCCAAUGUGUACCUGGUUCGGGCGGGCUUCGGCUAUACCGGUCGCGUCUCGCCCUUUUUAGUUUUAGUCA	338240	338150	-	BSnc115	204722	10.1128/JB.00711-15	NC_004310
315	204	GUAUUCUCGUUGUUGCCUUAUUUUGGCAACCAAAGUGCGCCACUUCAGAACCCUCCUACCUAGGUCCGCGCCAAAGGCGUCGGCGGUCAUUUUACCUUUUGCCUAGCUUGCGCAUAAGUUAACCGUCCCGCUUUCGGAACGAAAAAAAACGU	798065	797914	-	BSnc118	204722	10.1128/JB.00711-15	NC_004310
316	205	UAGUUGGCUGACUAUUUUUCUGCCGGGUAGCAGAGCUGCGAUUACAGCGUCCCUUACUCUCGGCCUGGCUUGUUGGCUUUCCUGUUGUUUACAA	1781160	1781067	-	BSnc140	204722	10.1128/JB.00711-15	NC_004310
317	206	CCGAGAUAACUGGAGGCUCGGUCAGUGGAUUGCAGUACUUAACCUGGGCGAGGGUAACUUCGCCCAGUAAAAAAACUUUCGUAAGGGACU	953526	953437	-	BSnc119	204722	10.1128/JB.00711-15	NC_004310
318	207	UAAUGGCUCCCCUUGCUGCGCGAUUUUUCGCGCGCGUUUUCUCUUUGGGGCCGAAAGCGGCCCCAAAGAAGUAAAAUAGUUAUUCAAU	967105	967018	-	BSnc120	204722	10.1128/JB.00711-15	NC_004310
319	208	ACUGCAGGAUGUAUAAUCCCGUCCGUCUCGGUAUACUUACCCGUAGCUCACUAUCCAAAUACUCCGCGUAGUUAUGUUAGUACGUCCCGUUCUGGUUACCCCCCUUGCCCGGCCUU	1150053	1149938	-	BSnc121	204722	10.1128/JB.00711-15	NC_004310
320	209	ACUGCAGGAUGUAUAAUCCCGUCCGUCUCGGUAUACUUACCCGUAGCUCACUAUCCAAAUACUCCGCGUAGUUAUGUUAGUACGUCCCGUUCUGGUUACCCCCCUUGCCCGGCCUU	1150053	1149938	-	BSnc135	204722	10.1128/JB.00711-15	NC_004310
321	210	AAAAAAGCCCCUGCGCAAUAGCGCAGGGGCAGGUGGCUCUCGUUAAUGAAUGGAAGCGAUGAAGAGGAGGUGCUUCCACGGAGAAGAUUGUCAAAAUUCACAUGUUAAAAAAUUCACGAGUUAAAAUGGAUGGGCAAAAAGUACUAGUCGUAUCA	605989	606143	+	BSnc149	204722	10.1128/JB.00711-15	NC_004311
322	211	UGUUCAUGUUCCCCUGAUGCGCCUUUGGCCGGCGCUUAUGUGGU	1083352	1083395	+	BSnc150	204722	10.1128/JB.00711-15	NC_004311
323	212	UUUCCACUUUCAGGCUUCUCAUGCACUCCGCCGCUUUGGUGUUCCCCCUCGG	178758	178809	+	BSnc159	204722	10.1128/JB.00711-15	NC_004311
324	213	GUCCCAUGGUCGUAGCAUCGAACUACCAAAUGAUAAGGCGUGUUACCAGCUGUGACACAAGACAGGUCCCAAGAUAUCAAUAAAAAUGUUCGGUCAACACACAAAGAGGAC	354584	354318	-	sts030	1308	10.3389/fmicb.2021.765144	NA
325	214	AAGGAUUCCCAGUAGCGCAGACGAAGCAGGUUCUGCAAGAAAAGAAUUGUUGUGUAUCUAAAAAAGAAAAAAG	925560	925631	+	sts034	1308	10.3389/fmicb.2021.765144	NA
326	215	GUCCUUUACGAGCUGCGCGUUCGCGAACUUCAAAGUUACCAAAACCGAUUAAUUGAACUUUUUCGCCGUUAGCUAAAGCAUCUUGAAUAGUUGAAAAUACAGCAUCUACUGCUGCAGUUGCAUCUUUUUUAGUUAAGUCAGUAGCUGAAGCAACUUUUUCGAUUAAUUCUGCUUUGUUUGCCAUGGAUAGAUUCACCUCCUCCACAAGAGAUAUGAUGUAAAACAUCAGUUUAGUUAAAAACAUUCUGAGUGGUCCAGAAGUUUAAAAGAAAUAUUGAUC	2421164	2420885	âˆ’	sts072	1308	10.3389/fmicb.2021.765144	NA
327	216	GCUCGUAAUCGUUCUAUUUGUAGUUCAUUUUCAAUAAAAUUAAUGGAAUUUCCUAGUUCUUCUUGUCGGCGUGUUGUCAAACGGUCGAUUUCCU	711756	711846	+	sts108	1308	10.3389/fmicb.2021.765144	NA
328	217	CCCGCUUUUGACACGGAACGUUUGAAGCGACGAAGAGCAUCGUCAAGUGAUUCGUUUUUGCGAACGACUGUUUUUGACAUGUUAAUUCCCUCCCUCCGAGCUUAAAAAGUAACCGUAAUUGUUAUUGAAAUUUA	467629	467762	+	sts187	1308	10.3389/fmicb.2021.765144	NA
329	218	CUUUUCUUUCUAUCCUAGUCGUUGUCGGGCAUCAGCAGAACGCUUGAAUGCUUGACCGACAUAGUUGAUACUUAACAUCAAAACUAAAAUUAG	1141726	1141626	âˆ’	sts238	1308	10.3389/fmicb.2021.765144	NA
330	219	GCCGGUGUUGAUGGUGUAGUUGGCGUAGCUGGUGUUGUUUCUUGUGUUGAAGAUUCAGGAACUGUUGUACUUUCUGUUACUGAUGAAUCAGUAGUAGAAGACUCAGUUGAUGAAUUUUCAGUUGUUG	1548967	1548841	âˆ’	sts249	1308	10.3389/fmicb.2021.765144	NA
331	220	GUCCCAUCUUUCAAGGAAUUCUGUAAAGAAAUCUUCAUCUGCUUGAUGUGCAUUAUGUGUUUCAACGUGUUCGAUUUUUGCAAUCAAUUUUUUAUUUUCUUCUGUUGGUUUGUACUCAGCUUCAAUGAAAGCUUCAAUGAUGUCAUUCAUAAGAAGACCACCAGUAAUCAUUCCACCGAAACCGAUAACAUUCGCAUUUAACUCUUCUUUUGCAUAUAUAGCUGAUGUC	1710210	1709982	âˆ’	sts251	1308	10.3389/fmicb.2021.765144	NA
332	221	GUAUACUUUACAUGUAAUCAGUGGUGAAACCUGUACUUCUAACAACUUUGUUUGCCUAUUCUAAUCUAUCGAGAAAUUCUUCUGUUUAUUUGAU	2685474	2685367	âˆ’	sts347	1308	10.3389/fmicb.2021.765144	NA
333	222	GUAGCGUUUUGUACGUAUGAACCUGAUUUCAAGACACCAGAGUACACACGGAAGAAAGUUAAGCGACCUACGAAUGGGUCAGUCAUAACUUUAAAUGCUAAAGCUGAGAAAGGAGCGCUGUCGUCUGCUGGACGUUCAACUUCUUCAUCAGUUUUAGGGUCAAUCCCUU	1299103	1299271	+	sts392	1308	10.3389/fmicb.2021.765144	NA
334	223	CUCCGUUAAUGCCGGUGUUCGUCCUGUAGUAUUGAUCCCGCGAAUUCAAGCAGGUGGGUCCCAUGGUCGUAGCAUCGAACUACCAAAUGAUAAGGCGUGUUACCAGCUGUGACACAAGACAGGUCCCAAGAUAUCAAUAAAAAUGUUCGGUCAACACACAAAGAGGACAAUUCGAAC	1830190	1830366	+	sts406	1308	10.3389/fmicb.2021.765144	NA
335	224	GUUUCACCACUGAUUACAUGUAAAGUAUACCUUUAUAAAUAGUGAAUGCGUAUGGAUGUUUGGAUGAUCGAGUCUCCAAAACAAGAAGUAACAAGAUACGUAACAAAUGAAUAACAUGAACGUCUGAAAAUUGAAUAGGAAC	2461582	2461723	+	sts425	1308	10.3389/fmicb.2021.765144	NA
336	225	GGAUAACAUCAAAUAAACAGAAGAAUUUCUCGAUAGAUUAGAAUAGGCAAACAAAGUUGUUAGAAGUACAGG	1537653	1537724	+	sts469	1308	10.3389/fmicb.2021.765144	NA
337	226	GUAUACUUUACAUGUAAUCAGUGGUGAAACCUGUACUUCUAACAACUUUGUUUGCCUAUUCUAAUCUAUCGAGAAAUUCUUCUGUUUAUUUGAUGUUAU	1029846	1029748	âˆ’	sts472	1308	10.3389/fmicb.2021.765144	NA
338	227	CAAGAUUCGCUUCAACUGUUUAUCAUCGUAUUUGUAUACUCUGAUAAGAA	NA	NA	NA	EF3314_EF3315	226185	10.1371/journal.pone.0023948	NA
339	228	GGCAACACUCAUGGGAAUGGUUCAUUGUUAUCGUUGUUCUCUCCCAGGUC	NA	NA	NA	EF0820_EF0822_5_784284_784333_f	226185	10.1371/journal.pone.0023948	NA
340	229	AUCUACUGAGAAAAUCUUCAACCAAUUGAUUUGCAUGUCCUCCUUACACU	NA	NA	NA	EF0869_EF0871_13_829477_829526_f	226185	10.1371/journal.pone.0023948	NA
341	230	AAUUCAAGCUCAACUAUGCCUGUCGAAUCCGUAACGCCCCCGAAAUAACA	NA	NA	NA	EF1097_EF1098_19_1067217_1067266_f	226185	10.1371/journal.pone.0023948	NA
342	231	CAUGGCGGCACUUGCUUAGUGCUGCUUCCUUCCGGAUCUGACACAAUUCA	NA	NA	NA	EF2205_EF2206_4_2119304_2119353_f	226185	10.1371/journal.pone.0023948	NA
343	232	CUAUUCGCCGUAGGAUUGCUUUUUGUGUUAUCUGUACGAUUUAAUGUCGU	NA	NA	NA	EFA0080_EFA0081_8_63429_63478_f	226185	10.1371/journal.pone.0023948	NA
344	233	CUAUUGUGCUGUUCAUAUCGAACUUAUGUCUUCCGCAUUAUUAGUAUAAC	NA	NA	NA	EFB0062_EFB0063_8_55652_55701_f	226185	10.1371/journal.pone.0023948	NA
345	234	CUUUUUAGUGCAUCCAUGCACGACUUUGUCACAAGUUACUUUAAAUUUAU	NA	NA	NA	EF0408_EF0409_5_381627_381676_r	226185	10.1371/journal.pone.0023948	NA
346	235	AGGGGUAACUCCUUCCCCUGCUCUGAGUCACCCCUAGAGAGUGAUAUUGG	NA	NA	NA	EF0605_EF0606_13_569163_569212_r	226185	10.1371/journal.pone.0023948	NA
347	236	GUGGUGGAAAUGAAGGUUGUUAUUUACUCUUGGUAGGAGUAAGUAUGAAA	NA	NA	NA	EF1368_EF1369_7_1345579_1345628_r	226185	10.1371/journal.pone.0023948	NA
348	237	CCACAACGACCGCGGCCGAGUCCUGAGGGCUGCAGUGACCCCCGGUCGACUCGAUCGGCGAGCCCCGUGCCUUGGUGCACGGGGCUCGCCCGUUG	2096758	2096863	+	ncRv11846	1773	10.1073/pnas.1718003115	NA
349	238	UACUUAGGGCGCUCAAGGCGCCCUGAGUUCUUACUCCUCCUAUCCUCUGCGUCCUUGAAGUUGUAACGGUAUUAAUUUCACUGACCCACUGACGUAUAUAAACUCAU	36321	36427	-	1	273123	10.1073/pnas.1101655108	NC_006155.1
350	239	ACGGCGGAAUACGGUAUUCCACAGACCAGAAAUUCUCUGGGAGAUCAGCCCGUUCGCAUCCUAUCAAGUAUCCCUUCCAGGGUCAUCCGAUGUUCACUUUUGUUAUACACACGACCACUUUUCAGCAUCAGGCUGUGUAGCCUGUACCACUGUUCAUCUGUUAACAUUAUUCUCGGCAUGGUGGUUUGUUUUUUUUGAUUUGUGGUGAAUCCAAUUAUACCGGCUCACCAUGCCGCUCAAUUAAUAAUCUCAAAAGAUCAACAGACCCUAAUAGCUCU	84500	84777	-	2	273123	10.1073/pnas.1101655108	NC_006155.1
351	240	UCGGGAUUCAUUCACUUGCUGCCGACCUACAACGCCAACUACGUUGGAUAUACGAUUUCUUUUUGUAAAUUAGUUUCAACUAAAAGGCAGAGAUGGACAAUUCCACUCGCCACGUUCAAUUCCAUACCCCAAUUGACACUAUUUUCAGUAAAAAAACAUCAAUUUUAGGGAUAUUUCUGAAAUUUAAUUACUGAGGUGAGAUUAUCAGUCUGGCUUAUCGGCAAUAUUGAUCGUCUACC	126482	126720	-	3	273123	10.1073/pnas.1101655108	NC_006155.1
352	241	GGGUGGCCUUUGGUCACCCUUUCUCCUUGGCGUUGCAGGGGGGUUAGCGGUGCGCACUCAUCUUUCAAAAUCAUCCUUCAAAAUUAUGUAUUCCAUGAACAAAUUCUAAAUA	247698	247809	-	4	273123	10.1073/pnas.1101655108	NC_006155.1
353	242	AAAAGGCCUGCGAUUGCAGGCCCUUCUAUCUGUCAGGCUACUAUCUGUCAGGCUACUAUCCGUCAGACUUCUACCCGCCAGCCACUUACUGAUGUAAAUGGCUGGGAAUGUACUCAGUUGCCGCCUUCCUGCAACUCGAUUUAUUUAG	695184	695331	-	5	273123	10.1073/pnas.1101655108	NC_006155.1
354	243	UUGGGCCGGUACGACCCGGCACCAACAAUCUAUUAGUUACUUACGAUCUAUUAGUUACUUACGAUCUAUUAGUUACUUACAAUCUAUUAAUGACUCACAAUCUAUUCACUACUAAAAAUAACGAUAUAUUUACUAAACAGGCUGGCAUGUU	800148	800298	-	6	273123	10.1073/pnas.1101655108	NC_006155.1
355	244	AGAAGGGAUGAUGAUAACAAAUGCGCGUC	997683	997711	-	7	273123	10.1073/pnas.1101655108	NC_006155.1
356	245	CUGGCAAAUCCUCCCUCCACCAGGCGUCUACGUUCUCCUGCCGUCCAGCUAUUUCCGUCAAACGAUUCUCGUUAAGUUAUUCCCAUUAAGCUAUCCCCUGCGAUAUUGGUCACUGAC	2071259	2071375	-	9	273123	10.1073/pnas.1101655108	NC_006155.1
357	246	ACGAGGGCGAGCUUCCCGUUUCGGUUUUAAAAAACGUAGACGACCGCGAACGCGAGCGGCUUGCAUAUCCAACACCCAAGCUACAGAAGCUGAUAAUGGUUGGCGAACAUAUUCAUCUUCAACGCUAAUAUCACAAAUGCACAAAAUCCUACUCCUCGAAAAAACUGAU	2766604	2766772	-	10	273123	10.1073/pnas.1101655108	NC_006155.1
358	247	CAAAAAAAUGCCGAUGUUUUUCAACAUCGGCACCGUAACAAUUAAAUGCUAUGCAGUAAUUCAAAAUAAAAGUAUAACAAAUAUGGAGCGCAACGCCCAUCGCUUGACGUUGCAUUCACCUG	2666757	2666878	-	11	273123	10.1073/pnas.1101655108	NC_006155.1
359	248	GGCCCACUGAUGUUAUUGGCAAAGUGCCCAUGGCGGAGAGAACAGGCAGACCGUAAAGAUGCCUGCUUCCCUGCAUAAAAAUAGCCUUCCAUGGGGGCUAGAUCCGCGCCACUACUGGCGCGGACGCUUUACUCUUCUGCCUAUCCUCACAGUUCACGUUCGAGUCGUCAAGCUUUGUCAGCCGUCUGAAUGAGCCGAAUAGCCCACUAUAAAAAUAAUUCGAGAUUCAGGUAGGCGGCAAGAGAUAUAAUCCAUUU	2665478	2665734	-	12	273123	10.1073/pnas.1101655108	NC_006155.1
360	249	UUUUUUCUCCCCCUCCGAUGUUAUUACAUAAAUAUUAUUACAUAACCGUUAUUGCAUAAAUGGCUAAUACCCACUC	2306343	2306418	-	15	273123	10.1073/pnas.1101655108	NC_006155.1
361	250	AGUCAGAGGCGCUGAGUCCAGCGCCUUUUCUAUAUCUACAUCCUAUACCUAAUAUCUGCAUCUAUAUCUUAUAGGUAUGCUGCCUUCGUUGAUUAAAUACACCAUUAUUGUGCGAUUAAAUGAAUCGCAUCGUGCUGGUUA	2423028	2423168	-	16	273123	10.1073/pnas.1101655108	NC_006155.1
362	251	GACAAUACGAUAUUGCUGUAAAGCCACCAAUAAUCUGCAAAUUGUUAAAGAUUAUCUGAAAAUACCCCUAUCACAGCCCUCUCACAAAUAGGUUCACCUUGCAUUUUAUUGAACUGUAUUUGGUGAAUUCAGUCACACAAACGCGAUAACUGGCAAAGAAUAUCUUCUGCUAAAAUUUUAGCAUUAGCUCAAAUAAUGAAUUAUUUCAAAG	2659154	2659364	-	17	273123	10.1073/pnas.1101655108	NC_006155.1
363	252	GUUAACACUUUAUUUGGGGAUGCACAGCUCAAAGAUAUACCGAGAGGGUGCUGCCCGCCGUUUUCGGCAAGCAACAAAUCAAUAGAGAGAUUGGUUAGCUUGCCUUGCUUAUUUGACUUGUACUUUGCGUAUCCAUUAGUUUCUCCAUCGU	2850688	2850838	-	18	273123	10.1073/pnas.1101655108	NC_006155.1
364	253	UACAUUCAGCCCUCAAUAUUGAGGGCGUUUUACUGCCGCCUGCCAAGCCCAAAUUGUUAGUGCACAACACAUAUCAUAUACAAACCCUUAACAAAACCAAU	2868900	2869000	-	19	273123	10.1073/pnas.1101655108	NC_006155.1
365	254	UGGCGAUGCUACUCGACAACACGCCUCACAAUUAACACCCCUGAAAAUUGAUUGGCUGAUUGCUGUGAGUAGCGGGC	2967125	2967201	-	20	273123	10.1073/pnas.1101655108	NC_006155.1
366	255	AUUUCCCCAUUCCCUACUCUCAUUGACCGUUUAUCGGUGCUGAGAGUAGGAUUAACCCUAUUUCAUCGCCCCUAUAACCUCUUUUAUUCUUGAUGUAGUACUAUUAUCAAAUACCCUGCCUGUAUCAAACAUAAUACCUGCAUCAACAUAAU	3245313	3245464	-	22	273123	10.1073/pnas.1101655108	NC_006155.1
367	256	UCUACGGUUCUGCCUUUUUGCGAGGAUUCCUCCCCUGGGGAUAAAACAAAUCACUCAUUAAAACCAGAAUGAUACUUAACGCUCACAAUAGGUUUAUCUGGCUAUGCCUUACGCAGCAUCGCAUCGAUAAACGCUUUCCAAAUAUUUAACUCAACCUCAACCAUAACAUCCUCUCUAAUAAUCGCGG	3270075	3270261	-	23	273123	10.1073/pnas.1101655108	NC_006155.1
368	257	GCCCGGUUUAUUUUUUGCCUCCCUCGAUUUUACGACCAAACGUUAUUCGUUUUGCUAACACGGUGAGUUUUGCUAGCAAGCACUUUUCGUCAAUGA	4038808	4038903	-	24	273123	10.1073/pnas.1101655108	NC_006155.1
369	258	CUUUCAACGCCAGCCACCUUUCAUCAUCAACAAUCCUUCAUCAUCAACAAUAUUUCUGUAUCGAUAAUAUUU	4256774	4256845	-	25	273123	10.1073/pnas.1101655108	NC_006155.1
370	259	CCUAUUGGUGCCCGGCCAUUUCCUCCGUUUCACACUUGCGAUAAUUCGUGUUCCAUCUCUCAUAACCUAGCGAAAAAUAGGUCAUAUAUUA	4464004	4464094	-	26	273123	10.1073/pnas.1101655108	NC_006155.1
371	260	GAGUUCGGUGACCGCCUGAGCGAUCACCUUUAAUACGGUGGCAGUUACACAGAAUUAUGGACAGGCUCUUAAAUUAACAUCAGACUUUCAAUACCUUCACCUAUUGCCAAAUGCUAAUGGUCGAGUAAGUCAGAUAAUCCGUGAUUGUUUCUCUAUACAUUUAGGUCAGUUACCGUUUUCAGCCUUGAAUUCUAUGUCUCACUAUCUUUAUCUCAACGAACCUGUUGAUAAAAGACAUUUACUCUUCAUGCAGAAUAAUUUUGAUGAAGUCUUCACCGCUAUUGAAAAAAGAG	225598	225890	+	29	273123	10.1073/pnas.1101655108	NC_006155.1
372	261	UACAACGGCCUGUAAAUAUCCCUGUAGUGCGUUAAUCUUUUACGAAAAAAAUGACGUUCAUCCACAGAAAGCUUUGCUUCAAUUUUAUCGACAUCAAUAUUCUUUUUUUGGCUUUCCAUAAAAGCAACUGUGGAUGCCACAAAGUCCAAACUGGUAUGACAAUACGCAGAAACCAGCUUCUCUAGUGUUGACAUAUCACACCCCCACUCACUUUCGUAAACAACAAUAACACAAAUAUUUACUCAGAUAAUGUGACUAAAAUCU	1302297	1302560	+	34	273123	10.1073/pnas.1101655108	NC_006155.1
373	262	AAAAAUUUUCCUUUCGCCCCCCUCUCUUUAUUAUCACAAUAGUUUACUGUAUUCAGCUGAGUCGCCAGAAGUCUAGCAGGCCCAUUUUUUGCUUAAAUUUCGCAAAAAAACAAUUG	1840379	1840494	+	36	273123	10.1073/pnas.1101655108	NC_006155.1
374	263	AGCACCGCCAAAAUAACGGUGCUGCAUAAAAUCACUAUGGACAGACAGGGUAAAUGUACAGGAAGUGAAAAAAAGCAGUAGCUUAGCUACUAUGUCUGGCAUACCAGACCAUUUGCAAACACAACAUCACCACCACAAAGCCAAAAGCAUUUCAGUACCUGGGAUACCAAACCUACUUUUCGUUCCGGCUAGGGGAAGUGC	3557448	3557648	+	45	273123	10.1073/pnas.1101655108	NC_006155.1
375	264	CGACAUCCUCCGGUUUCUUCGUCCCGUAUGUUCAACCAAGGUGUAGUAAUUGCAGCCUACUUGCACGAUGAUGAUCCGGGUA	3810123	3810204	+	46	273123	10.1073/pnas.1101655108	NC_006155.1
376	265	GAAAAAACCCGGUUAGUCUUGAACCUAAGAAGGCGGGACUACCGGGCUCCUCAAUAUGGGGACAUCAAAGAAAAGCAGUGGC	1618038	1618119	-	48	273123	10.1073/pnas.1101655108	NC_006155.1
377	266	UACGCGAUGAAGAAAUUGCAGAGACAACGGCCUCAUUCAAUCUGACCGAUAACCGGCCCAUUAUUGGAUUCUGCCCUGGCGCAGAAUUUGGGCCAGCGAAACGUUGGCCGCAUUACCACUACGCCACGCUGGCGCAGAAAUUGAUUGAUGAUGGCUAUCAGGUCGUCUUAUUCGGUUCUGCGAAAGACAAUGAAGCUGGUGAAGAUAUCCGUCAGGCUCUCAGCGAUACAGAUCGUGAAUAUUGCCUCAAUCUG	65776	66029	+	141	273123	10.1073/pnas.1101655108	NC_006155.1
378	267	GCGUAUGACUCCGCAUCCGGUAGAGUUUGAGCUGUACUACAGCGUCUAAUAGUUGAAGUUGUACUACCCGGCGCAACAACGCCGGGAUUUAGUUGCCGUGGAAACUUUCAGCCCAUCUCUGCAUGGGCUUUUUU	NA	NA	NA	esrF	83334	10.1128/mBio.03605-20	NA
379	268	UUUGCGAUGACGCCAGGACGCGUCAUCCGUGCGCCGCUGCCCGGGAGGUGGAUCGCAUGAACGGAGGCAAAGGCGCCUCCUUGGGAAGGUCACGGACGACCUUCCCGGAGUCAGUUU	NA	NA	NA	RsmW	287	10.1186/s12866-016-0771-y	NA
380	269	CGCGGAUCCGAACACUGCGUUUGCUGGCUUUGAUGAAGACGGGGAGCACUGCGCGGAGGGGGCCGGACGAUGA	NA	NA	NA	Î±3287	1902	10.1093/nar/gkn898	NA
381	270	CGCGGAUCCGAACACUGCGUUUGCUGGCUUUGAUGAAACGGCCGGGGCCGGCGGGAGCGAG	NA	NA	NA	scr2101	1902	10.1093/nar/gkn898	NA
382	271	CGCGGAUCCGAACACUGCGUUUGCUGGCUUUGAUGAAAUCUUCCUUGGUGGUUAGGCCCUCGCACCGGGAUGCCAGUCCCAGCGGGG	NA	NA	NA	scr4677	1902	10.1093/nar/gkn898	NA
383	272	CGCGGAUCCGAACACUGCGUUUGCUGGCUUUGAUGAAAGCCGGUGUAGCUCAGGGGUUAGAGCACCUUGUCGG	NA	NA	NA	scr1906	1902	10.1093/nar/gkn898	NA
384	273	CGCGGAUCCGAACACUGCGUUUGCUGACUUUGAUGAAAUGCUGGUGCAUCCCCCGUCGCCAGCA	NA	NA	NA	scr3974	1902	10.1093/nar/gkn898	NA
385	274	CGCGGAUCCGAACACUGCGUUUGCUGGCUUUGAUGAAAAGAUGAGAGAUGCAUCCGCCCACAGGGGACUGUGGGCGGAUCAUCAGGACGAGGCUUCCCCGGCUUCGACC	NA	NA	NA	scr5676	1902	10.1093/nar/gkn898	NA
386	275	CGCGGAUCCGAACACUGCGUUUGCUGGCUUUGAUGAAACCGGUGCCCCCUGCCGCGAGGUCCGCCCUGGCGUCGUGCACUUGUUGACUCUUUACCGGGCACCUUCAGAGGAAGGUGCCGCGUGGCCCCCGACGGAGGAUUGGGAGACCGUGGACGCGCAAGGACGUG	NA	NA	NA	scr3045	1902	10.1093/nar/gkn898	NA
387	276	GGACGAUGACGACGAAGACGACGCACAGUCCGUUCGUAAAAAAAAAAACCUAUAGUGAGUCGUAUUAAUUCGGAUCCGCG	NA	NA	NA	Î±3287	1902	10.1093/nar/gkn898	NA
388	277	GAGCACCUUGUCGGUUCCGCCGACCUGGACUCUGGACACCUAAAAAAAAAAAAACCUAUAGUGAGUCNUAUUAAUUCGGAUCCCCG	NA	NA	NA	scr1906	1902	10.1093/nar/gkn898	NA
389	278	GUUGCUGGUGCAUCCCCCGUCGCCAGCAACCGGGUCUUUUCCUGAGGAAAAAAAAAAACCUAUAGUGAGUCGUAUUAAUUCGGAUCCGCG	NA	NA	NA	scr3974	1902	10.1093/nar/gkn898	NA
390	279	CGUGCCUCGCGCACACAACCGGAGCCCACGGGCUCCGGCUUCCUCACCGAUCGGACGGUCGCCCGCCCCAAACCCCCCGGGGCGCGCGGCGUUCCGGUCAGGACGGCCCAAAAAAAAAAAACCUAUAGUGAGUCGUAUUAAUUCGGAUCCGCG	NA	NA	NA	scr5676	1902	10.1093/nar/gkn898	NA
391	280	GCAAGGACGUGGGCGGGCAGACGACGUCGAUCCCGCAGACCAGUGGGUGCUGAAUCCGCGGACCGGUGAAUACGAACUGCGACUGUCCCCCUCCGCACCGGAGUCGCCCGUCCCCGGGCCCCGCACAAAAAAAAAAAACCUAUAGUGAGUCGUAUUAAUUCGGAUCCGCG	NA	NA	NA	scr3045	1902	10.1093/nar/gkn898	NA
392	281	UGACGCUGAUGCUGCAGGCUGCUUCCCUGCGGUGACAGGCUGACGCCUGACCGGUUUGUACAAGUCUCGAGGUUCGGAAAGACGGCGCGUCAACUGCGCAUGGGGCGUUCCAUGCAGGCGUGAGGGUGGUCGAUUCGGCCGGACAGCAAAUGCGGUGAAAGCUCGGCAAUGCCGUCUGCGGCUUGGCGAA	1573542	1573731	+	sRNA00385	1061	10.1080/15476286.2017.1306175	NA
393	282	AGGAGAAGCCGCCCCGGCGCGGGGAAUGACCUUCCUCAGAGGCUUGAGUGACCUCCGUCAGCCGGGGCGCAC	552629	552700	-	sRNA00848	1061	10.1080/15476286.2017.1306175	NA
394	283	CGUGGUCACGAGUGACAGGUUCCCGCGCCCGGUUUCCGGAUCGGGCGCGGCGG	2167726	2167778	-	sRNA01029	1061	10.1080/15476286.2017.1306175	NA
395	284	CGGCAGCGGAAAACGCUGAAGCCCCGGCGGGCGGUCAACAGCCCCCACCCAGUUCGUUCGCCGGGGCGCU	2894220	2894289	-	sRNA01129	1061	10.1080/15476286.2017.1306175	NA
396	285	GCUACGCCCCCUCUG	542254	542268	-	Spy_sRNA542268	160490	10.1080/15476286.2015.1110674	NC_002737
397	286	AUAAAAUAACAAGUUUGAUCGUAGUUAAAGUUGGCGACUAAAUAAAAUAGUCAGUGAUUAAAAGGUUAUCUCUUCUUGUUAUUU	544833	544916	+	Spy_sRNA544833	160490	10.1080/15476286.2015.1110674	NC_002737
398	287	UUCUGAGAAGAAGCUAAACUUGCUUCAACACCACUGUUUUAUAAAGUUACUCUAACUUUUUUGAUCGUAUAAGCCUCAUUACAGC	694150	694234	+	Spy_sRNA694150	160490	10.1080/15476286.2015.1110674	NC_002737
399	288	AGAAAAAUAAAAAAGCCCCACGCUCUCAAAGUUUGGCGACUCUGAGCGCGAGGCAAAUCUAGUAUAGUAAAAACCUGCUUUGCCGUAGGUCU	779816	779907	+	Spy_sRNA779816	160490	10.1080/15476286.2015.1110674	NC_002737
400	289	GACUUGGAAACAAGUCCGCAAGUCCAUCAAAGUUCACUAAAUAAUAAGAGAUGACAAAAAAACUCUCUUUACUGUUAAGACUUUCAUGCUUCACGGAACAUGUUUAAAGUAGUAUUUAAUUGUUAC	1110800	1110925	-	Spy_sRNA1110925	160490	10.1080/15476286.2015.1110674	NC_002737
401	290	GCUCAAAUUGCUGAUAAAAAUAGAAAAAUAGAAUGAUUUUAAUUAUUGAAAAUACAGCUAAACCAAUGAUCAUAAUAGUAAACAUACGGCGGUUUUCUCUUUCAUAAGUCUUACUAU	1186760	1186876	-	Spy_sRNA1186876	160490	10.1080/15476286.2015.1110674	NC_002737
402	291	UCCACAAAAAAGCCAGCUCACAGCUGACUCCUUAGUUAAUAAU	1212757	1212799	+	Spy_sRNA1212757	160490	10.1080/15476286.2015.1110674	NC_002737
403	292	AAGCCCACUGCACAGGCUACAACGCUUGUACAAU	1222580	1222613	-	Spy_sRNA1222613	160490	10.1080/15476286.2015.1110674	NC_002737
404	293	AGAAUGGAGAGGGAACUAACCCUAACGUGAUAAACAUAAGAAAGGGUUAAGGACCUAAUCCUAUUCGACAAUAACGGAAUAAUCCUAAUUGGAUGAUUAGACACUUAAUUAGAAUCAUUAUCGUUUUAUAUCUA	1259959	1260092	-	Spy_sRNA1260092	160490	10.1080/15476286.2015.1110674	NC_002737
405	294	AUUCACUAAAAAAACCUUAAUGAGUUUCCUAUCUCCUUAUAGGUUUCUCAUUAAGGCUUUUUAGACGAAAUAAUUGAA	1300419	1300496	+	Spy_sRNA1300419	160490	10.1080/15476286.2015.1110674	NC_002737
406	295	CCCCUAUUAACUAGAGAGCUUUUGCCUGACCUCAUAAAGAGGUGCCCGAAUAAUAAU	1571079	1571135	-	Spy_sRNA1571135	160490	10.1080/15476286.2015.1110674	NC_002737
407	296	CUUGCAAAAUGCAAGGCUUGCUUUUCUUUUUCUUGACUCUGAGUUUCCCCAUUAUCAACUGUGUUAUUGUAAGUGUGCACUUACUUGACCUGAGCUUCUGUUUUCUCAAACAGACUUGAUAUUAUA	1755320	1755445	-	Spy_sRNA1755445	160490	10.1080/15476286.2015.1110674	NC_002737
408	297	AAACCAAACAAAAAAGACCCCGCAAGUUUUCCACGCUCGC	1774740	1774779	+	Spy_sRNA1774740	160490	10.1080/15476286.2015.1110674	NC_002737
409	298	CCCACACUUUAGCCAAUCGUGGACGGUUUAUAGAAAAUAUAAACAAAUACGGUAAGGCUGCCGUCUUAAACGGUGUUACCACAGGAGAUUGUUUGCGCAAUCUCCUUUUUCUAUGUCCAUU	1775002	1775122	-	Spy_sRNA1775122	160490	10.1080/15476286.2015.1110674	NC_002737
410	299	GGUGAACAAAAAAAGACCUUUACAGGUCCUUUACACAAUGAGUUCAGCAGGCAAGAACUAGCGUAGUUUAAAUACUACGCUUUUA	1786666	1786750	+	Spy_sRNA1786666	160490	10.1080/15476286.2015.1110674	NC_002737
411	300	AUCAAAGUCGGCGUCGUACGAAUCAAUUGUGCUAU	NA	NA	NA	FnrS	562	10.1074/jbc.M109.089755	NA
412	301	CGCUGGAGAACACGGCCGACGACCCGAUUCGAAUCCGGAGCUACGGCGUCUGGCCGUUCGGUGUGCUCGCACUCGCACCCUCGCUGACGCCCGGCGAAGACACGUGGAAGACGACGCUGUUCUCCCCGUCGUACGAGGCUAGCACCCGCGUCGAAGUCGGUCGCGGCGGGUCGUCACUAUCGCUUGACGGGACGCCGAUAACCCGGCCGCUCGAUGCCGGUGAGAGCGUCAGCAGGCGAUACGAACUCCACGGCG	334238	334492	-	STRG.996.1	2246	10.1128/JB.00779-17	NC_013966.1
